Dataset,Config,Generation,Evals,AvgBestFitness,MedianBestFitness,AvgFeasibleFraction
Small,Config_A,1,40,552.00,1000.00,0.0112
Small,Config_A,2,80,303.00,0.00,0.0275
Small,Config_A,3,120,101.50,0.00,0.0488
Small,Config_A,4,160,50.00,0.00,0.0688
Small,Config_A,5,200,0.75,0.00,0.0700
Small,Config_A,6,240,0.00,0.00,0.0737
Small,Config_A,7,280,0.00,0.00,0.0737
Small,Config_A,8,320,0.00,0.00,0.0737
Small,Config_A,9,360,0.00,0.00,0.0737
Small,Config_A,10,400,0.00,0.00,0.0737
Small,Config_A,11,440,0.00,0.00,0.0737
Small,Config_A,12,480,0.00,0.00,0.0737
Small,Config_A,13,520,0.00,0.00,0.0737
Small,Config_A,14,560,0.00,0.00,0.0737
Small,Config_A,15,600,0.00,0.00,0.0737
Small,Config_A,16,640,0.00,0.00,0.0737
Small,Config_A,17,680,0.00,0.00,0.0737
Small,Config_A,18,720,0.00,0.00,0.0737
Small,Config_A,19,760,0.00,0.00,0.0737
Small,Config_A,20,800,0.00,0.00,0.0737
Small,Config_A,21,840,0.00,0.00,0.0737
Small,Config_A,22,880,0.00,0.00,0.0737
Small,Config_A,23,920,0.00,0.00,0.0737
Small,Config_A,24,960,0.00,0.00,0.0737
Small,Config_A,25,1000,0.00,0.00,0.0737
Small,Config_A,26,1040,0.00,0.00,0.0737
Small,Config_A,27,1080,0.00,0.00,0.0737
Small,Config_A,28,1120,0.00,0.00,0.0737
Small,Config_A,29,1160,0.00,0.00,0.0737
Small,Config_A,30,1200,0.00,0.00,0.0737
Small,Config_A,31,1240,0.00,0.00,0.0737
Small,Config_A,32,1280,0.00,0.00,0.0737
Small,Config_A,33,1320,0.00,0.00,0.0737
Small,Config_A,34,1360,0.00,0.00,0.0737
Small,Config_A,35,1400,0.00,0.00,0.0737
Small,Config_A,36,1440,0.00,0.00,0.0737
Small,Config_A,37,1480,0.00,0.00,0.0737
Small,Config_A,38,1520,0.00,0.00,0.0737
Small,Config_A,39,1560,0.00,0.00,0.0737
Small,Config_A,40,1600,0.00,0.00,0.0737
Small,Config_A,41,1640,0.00,0.00,0.0737
Small,Config_A,42,1680,0.00,0.00,0.0737
Small,Config_A,43,1720,0.00,0.00,0.0737
Small,Config_A,44,1760,0.00,0.00,0.0737
Small,Config_A,45,1800,0.00,0.00,0.0737
Small,Config_A,46,1840,0.00,0.00,0.0737
Small,Config_A,47,1880,0.00,0.00,0.0737
Small,Config_A,48,1920,0.00,0.00,0.0737
Small,Config_A,49,1960,0.00,0.00,0.0737
Small,Config_A,50,2000,0.00,0.00,0.0737
Small,Config_A,51,2040,0.00,0.00,0.0737
Small,Config_A,52,2080,0.00,0.00,0.0737
Small,Config_A,53,2120,0.00,0.00,0.0737
Small,Config_A,54,2160,0.00,0.00,0.0737
Small,Config_A,55,2200,0.00,0.00,0.0737
Small,Config_A,56,2240,0.00,0.00,0.0737
Small,Config_A,57,2280,0.00,0.00,0.0737
Small,Config_A,58,2320,0.00,0.00,0.0737
Small,Config_A,59,2360,0.00,0.00,0.0737
Small,Config_A,60,2400,0.00,0.00,0.0737
Small,Config_A,61,2440,0.00,0.00,0.0737
Small,Config_A,62,2480,0.00,0.00,0.0737
Small,Config_A,63,2520,0.00,0.00,0.0737
Small,Config_A,64,2560,0.00,0.00,0.0737
Small,Config_A,65,2600,0.00,0.00,0.0737
Small,Config_A,66,2640,0.00,0.00,0.0737
Small,Config_A,67,2680,0.00,0.00,0.0737
Small,Config_A,68,2720,0.00,0.00,0.0737
Small,Config_A,69,2760,0.00,0.00,0.0737
Small,Config_A,70,2800,0.00,0.00,0.0737
Small,Config_A,71,2840,0.00,0.00,0.0737
Small,Config_A,72,2880,0.00,0.00,0.0737
Small,Config_A,73,2920,0.00,0.00,0.0737
Small,Config_A,74,2960,0.00,0.00,0.0737
Small,Config_A,75,3000,0.00,0.00,0.0737
Small,Config_A,76,3040,0.00,0.00,0.0737
Small,Config_A,77,3080,0.00,0.00,0.0737
Small,Config_A,78,3120,0.00,0.00,0.0737
Small,Config_A,79,3160,0.00,0.00,0.0737
Small,Config_A,80,3200,0.00,0.00,0.0737
Small,Config_A,81,3240,0.00,0.00,0.0737
Small,Config_A,82,3280,0.00,0.00,0.0737
Small,Config_A,83,3320,0.00,0.00,0.0737
Small,Config_A,84,3360,0.00,0.00,0.0737
Small,Config_A,85,3400,0.00,0.00,0.0737
Small,Config_A,86,3440,0.00,0.00,0.0737
Small,Config_A,87,3480,0.00,0.00,0.0737
Small,Config_A,88,3520,0.00,0.00,0.0737
Small,Config_A,89,3560,0.00,0.00,0.0737
Small,Config_A,90,3600,0.00,0.00,0.0737
Small,Config_A,91,3640,0.00,0.00,0.0737
Small,Config_A,92,3680,0.00,0.00,0.0737
Small,Config_A,93,3720,0.00,0.00,0.0737
Small,Config_A,94,3760,0.00,0.00,0.0737
Small,Config_A,95,3800,0.00,0.00,0.0737
Small,Config_A,96,3840,0.00,0.00,0.0737
Small,Config_A,97,3880,0.00,0.00,0.0737
Small,Config_A,98,3920,0.00,0.00,0.0737
Small,Config_A,99,3960,0.00,0.00,0.0737
Small,Config_A,100,4000,0.00,0.00,0.0737
Small,Config_A,101,4040,0.00,0.00,0.0737
Small,Config_A,102,4080,0.00,0.00,0.0737
Small,Config_A,103,4120,0.00,0.00,0.0737
Small,Config_A,104,4160,0.00,0.00,0.0737
Small,Config_A,105,4200,0.00,0.00,0.0737
Small,Config_A,106,4240,0.00,0.00,0.0737
Small,Config_A,107,4280,0.00,0.00,0.0737
Small,Config_A,108,4320,0.00,0.00,0.0737
Small,Config_A,109,4360,0.00,0.00,0.0737
Small,Config_A,110,4400,0.00,0.00,0.0737
Small,Config_A,111,4440,0.00,0.00,0.0737
Small,Config_A,112,4480,0.00,0.00,0.0737
Small,Config_A,113,4520,0.00,0.00,0.0737
Small,Config_A,114,4560,0.00,0.00,0.0737
Small,Config_A,115,4600,0.00,0.00,0.0737
Small,Config_A,116,4640,0.00,0.00,0.0737
Small,Config_A,117,4680,0.00,0.00,0.0737
Small,Config_A,118,4720,0.00,0.00,0.0737
Small,Config_A,119,4760,0.00,0.00,0.0737
Small,Config_A,120,4800,0.00,0.00,0.0737
Small,Config_A,121,4840,0.00,0.00,0.0737
Small,Config_A,122,4880,0.00,0.00,0.0737
Small,Config_A,123,4920,0.00,0.00,0.0737
Small,Config_A,124,4960,0.00,0.00,0.0737
Small,Config_A,125,5000,0.00,0.00,0.0737
Small,Config_A,126,5040,0.00,0.00,0.0737
Small,Config_A,127,5080,0.00,0.00,0.0737
Small,Config_A,128,5120,0.00,0.00,0.0737
Small,Config_A,129,5160,0.00,0.00,0.0737
Small,Config_A,130,5200,0.00,0.00,0.0737
Small,Config_A,131,5240,0.00,0.00,0.0737
Small,Config_A,132,5280,0.00,0.00,0.0737
Small,Config_A,133,5320,0.00,0.00,0.0737
Small,Config_A,134,5360,0.00,0.00,0.0737
Small,Config_A,135,5400,0.00,0.00,0.0737
Small,Config_A,136,5440,0.00,0.00,0.0737
Small,Config_A,137,5480,0.00,0.00,0.0737
Small,Config_A,138,5520,0.00,0.00,0.0737
Small,Config_A,139,5560,0.00,0.00,0.0737
Small,Config_A,140,5600,0.00,0.00,0.0737
Small,Config_A,141,5640,0.00,0.00,0.0737
Small,Config_A,142,5680,0.00,0.00,0.0737
Small,Config_A,143,5720,0.00,0.00,0.0737
Small,Config_A,144,5760,0.00,0.00,0.0737
Small,Config_A,145,5800,0.00,0.00,0.0737
Small,Config_A,146,5840,0.00,0.00,0.0737
Small,Config_A,147,5880,0.00,0.00,0.0737
Small,Config_A,148,5920,0.00,0.00,0.0737
Small,Config_A,149,5960,0.00,0.00,0.0737
Small,Config_A,150,6000,0.00,0.00,0.0737
Small,Config_B,1,60,401.75,10.00,0.0142
Small,Config_B,2,120,153.50,0.00,0.0283
Small,Config_B,3,180,101.50,0.00,0.0350
Small,Config_B,4,240,0.50,0.00,0.0467
Small,Config_B,5,300,0.00,0.00,0.0508
Small,Config_B,6,360,0.00,0.00,0.0508
Small,Config_B,7,420,0.00,0.00,0.0508
Small,Config_B,8,480,0.00,0.00,0.0508
Small,Config_B,9,540,0.00,0.00,0.0508
Small,Config_B,10,600,0.00,0.00,0.0508
Small,Config_B,11,660,0.00,0.00,0.0508
Small,Config_B,12,720,0.00,0.00,0.0508
Small,Config_B,13,780,0.00,0.00,0.0508
Small,Config_B,14,840,0.00,0.00,0.0508
Small,Config_B,15,900,0.00,0.00,0.0508
Small,Config_B,16,960,0.00,0.00,0.0508
Small,Config_B,17,1020,0.00,0.00,0.0508
Small,Config_B,18,1080,0.00,0.00,0.0508
Small,Config_B,19,1140,0.00,0.00,0.0508
Small,Config_B,20,1200,0.00,0.00,0.0508
Small,Config_B,21,1260,0.00,0.00,0.0508
Small,Config_B,22,1320,0.00,0.00,0.0508
Small,Config_B,23,1380,0.00,0.00,0.0508
Small,Config_B,24,1440,0.00,0.00,0.0508
Small,Config_B,25,1500,0.00,0.00,0.0508
Small,Config_B,26,1560,0.00,0.00,0.0508
Small,Config_B,27,1620,0.00,0.00,0.0508
Small,Config_B,28,1680,0.00,0.00,0.0508
Small,Config_B,29,1740,0.00,0.00,0.0508
Small,Config_B,30,1800,0.00,0.00,0.0508
Small,Config_B,31,1860,0.00,0.00,0.0508
Small,Config_B,32,1920,0.00,0.00,0.0508
Small,Config_B,33,1980,0.00,0.00,0.0508
Small,Config_B,34,2040,0.00,0.00,0.0508
Small,Config_B,35,2100,0.00,0.00,0.0508
Small,Config_B,36,2160,0.00,0.00,0.0508
Small,Config_B,37,2220,0.00,0.00,0.0508
Small,Config_B,38,2280,0.00,0.00,0.0508
Small,Config_B,39,2340,0.00,0.00,0.0508
Small,Config_B,40,2400,0.00,0.00,0.0508
Small,Config_B,41,2460,0.00,0.00,0.0508
Small,Config_B,42,2520,0.00,0.00,0.0508
Small,Config_B,43,2580,0.00,0.00,0.0508
Small,Config_B,44,2640,0.00,0.00,0.0508
Small,Config_B,45,2700,0.00,0.00,0.0508
Small,Config_B,46,2760,0.00,0.00,0.0508
Small,Config_B,47,2820,0.00,0.00,0.0508
Small,Config_B,48,2880,0.00,0.00,0.0508
Small,Config_B,49,2940,0.00,0.00,0.0508
Small,Config_B,50,3000,0.00,0.00,0.0508
Small,Config_B,51,3060,0.00,0.00,0.0508
Small,Config_B,52,3120,0.00,0.00,0.0508
Small,Config_B,53,3180,0.00,0.00,0.0508
Small,Config_B,54,3240,0.00,0.00,0.0508
Small,Config_B,55,3300,0.00,0.00,0.0508
Small,Config_B,56,3360,0.00,0.00,0.0508
Small,Config_B,57,3420,0.00,0.00,0.0508
Small,Config_B,58,3480,0.00,0.00,0.0508
Small,Config_B,59,3540,0.00,0.00,0.0508
Small,Config_B,60,3600,0.00,0.00,0.0508
Small,Config_B,61,3660,0.00,0.00,0.0508
Small,Config_B,62,3720,0.00,0.00,0.0508
Small,Config_B,63,3780,0.00,0.00,0.0508
Small,Config_B,64,3840,0.00,0.00,0.0508
Small,Config_B,65,3900,0.00,0.00,0.0508
Small,Config_B,66,3960,0.00,0.00,0.0508
Small,Config_B,67,4020,0.00,0.00,0.0508
Small,Config_B,68,4080,0.00,0.00,0.0508
Small,Config_B,69,4140,0.00,0.00,0.0508
Small,Config_B,70,4200,0.00,0.00,0.0508
Small,Config_B,71,4260,0.00,0.00,0.0508
Small,Config_B,72,4320,0.00,0.00,0.0508
Small,Config_B,73,4380,0.00,0.00,0.0508
Small,Config_B,74,4440,0.00,0.00,0.0508
Small,Config_B,75,4500,0.00,0.00,0.0508
Small,Config_B,76,4560,0.00,0.00,0.0508
Small,Config_B,77,4620,0.00,0.00,0.0508
Small,Config_B,78,4680,0.00,0.00,0.0508
Small,Config_B,79,4740,0.00,0.00,0.0508
Small,Config_B,80,4800,0.00,0.00,0.0508
Small,Config_B,81,4860,0.00,0.00,0.0508
Small,Config_B,82,4920,0.00,0.00,0.0508
Small,Config_B,83,4980,0.00,0.00,0.0508
Small,Config_B,84,5040,0.00,0.00,0.0508
Small,Config_B,85,5100,0.00,0.00,0.0508
Small,Config_B,86,5160,0.00,0.00,0.0508
Small,Config_B,87,5220,0.00,0.00,0.0508
Small,Config_B,88,5280,0.00,0.00,0.0508
Small,Config_B,89,5340,0.00,0.00,0.0508
Small,Config_B,90,5400,0.00,0.00,0.0508
Small,Config_B,91,5460,0.00,0.00,0.0508
Small,Config_B,92,5520,0.00,0.00,0.0508
Small,Config_B,93,5580,0.00,0.00,0.0508
Small,Config_B,94,5640,0.00,0.00,0.0508
Small,Config_B,95,5700,0.00,0.00,0.0508
Small,Config_B,96,5760,0.00,0.00,0.0508
Small,Config_B,97,5820,0.00,0.00,0.0508
Small,Config_B,98,5880,0.00,0.00,0.0508
Small,Config_B,99,5940,0.00,0.00,0.0508
Small,Config_B,100,6000,0.00,0.00,0.0508
Small,Config_C,1,100,204.75,5.00,0.0135
Small,Config_C,2,200,55.50,0.00,0.0200
Small,Config_C,3,300,0.75,0.00,0.0385
Small,Config_C,4,400,0.00,0.00,0.0430
Small,Config_C,5,500,0.00,0.00,0.0430
Small,Config_C,6,600,0.00,0.00,0.0430
Small,Config_C,7,700,0.00,0.00,0.0430
Small,Config_C,8,800,0.00,0.00,0.0430
Small,Config_C,9,900,0.00,0.00,0.0430
Small,Config_C,10,1000,0.00,0.00,0.0430
Small,Config_C,11,1100,0.00,0.00,0.0430
Small,Config_C,12,1200,0.00,0.00,0.0430
Small,Config_C,13,1300,0.00,0.00,0.0430
Small,Config_C,14,1400,0.00,0.00,0.0430
Small,Config_C,15,1500,0.00,0.00,0.0430
Small,Config_C,16,1600,0.00,0.00,0.0430
Small,Config_C,17,1700,0.00,0.00,0.0430
Small,Config_C,18,1800,0.00,0.00,0.0430
Small,Config_C,19,1900,0.00,0.00,0.0430
Small,Config_C,20,2000,0.00,0.00,0.0430
Small,Config_C,21,2100,0.00,0.00,0.0430
Small,Config_C,22,2200,0.00,0.00,0.0430
Small,Config_C,23,2300,0.00,0.00,0.0430
Small,Config_C,24,2400,0.00,0.00,0.0430
Small,Config_C,25,2500,0.00,0.00,0.0430
Small,Config_C,26,2600,0.00,0.00,0.0430
Small,Config_C,27,2700,0.00,0.00,0.0430
Small,Config_C,28,2800,0.00,0.00,0.0430
Small,Config_C,29,2900,0.00,0.00,0.0430
Small,Config_C,30,3000,0.00,0.00,0.0430
Small,Config_C,31,3100,0.00,0.00,0.0430
Small,Config_C,32,3200,0.00,0.00,0.0430
Small,Config_C,33,3300,0.00,0.00,0.0430
Small,Config_C,34,3400,0.00,0.00,0.0430
Small,Config_C,35,3500,0.00,0.00,0.0430
Small,Config_C,36,3600,0.00,0.00,0.0430
Small,Config_C,37,3700,0.00,0.00,0.0430
Small,Config_C,38,3800,0.00,0.00,0.0430
Small,Config_C,39,3900,0.00,0.00,0.0430
Small,Config_C,40,4000,0.00,0.00,0.0430
Small,Config_C,41,4100,0.00,0.00,0.0430
Small,Config_C,42,4200,0.00,0.00,0.0430
Small,Config_C,43,4300,0.00,0.00,0.0430
Small,Config_C,44,4400,0.00,0.00,0.0430
Small,Config_C,45,4500,0.00,0.00,0.0430
Small,Config_C,46,4600,0.00,0.00,0.0430
Small,Config_C,47,4700,0.00,0.00,0.0430
Small,Config_C,48,4800,0.00,0.00,0.0430
Small,Config_C,49,4900,0.00,0.00,0.0430
Small,Config_C,50,5000,0.00,0.00,0.0430
Small,Config_C,51,5100,0.00,0.00,0.0430
Small,Config_C,52,5200,0.00,0.00,0.0430
Small,Config_C,53,5300,0.00,0.00,0.0430
Small,Config_C,54,5400,0.00,0.00,0.0430
Small,Config_C,55,5500,0.00,0.00,0.0430
Small,Config_C,56,5600,0.00,0.00,0.0430
Small,Config_C,57,5700,0.00,0.00,0.0430
Small,Config_C,58,5800,0.00,0.00,0.0430
Small,Config_C,59,5900,0.00,0.00,0.0430
Small,Config_C,60,6000,0.00,0.00,0.0430
Small,Config_D,1,20,852.25,1000.00,0.0125
Small,Config_D,2,40,651.50,1000.00,0.0225
Small,Config_D,3,60,253.75,0.00,0.0350
Small,Config_D,4,80,253.00,0.00,0.0400
Small,Config_D,5,100,52.25,0.00,0.0550
Small,Config_D,6,120,50.75,0.00,0.0575
Small,Config_D,7,140,2.25,0.00,0.0625
Small,Config_D,8,160,1.50,0.00,0.0600
Small,Config_D,9,180,1.50,0.00,0.0650
Small,Config_D,10,200,0.75,0.00,0.0650
Small,Config_D,11,220,0.75,0.00,0.0650
Small,Config_D,12,240,0.75,0.00,0.0625
Small,Config_D,13,260,0.75,0.00,0.0625
Small,Config_D,14,280,0.75,0.00,0.0625
Small,Config_D,15,300,0.75,0.00,0.0625
Small,Config_D,16,320,0.00,0.00,0.0650
Small,Config_D,17,340,0.00,0.00,0.0650
Small,Config_D,18,360,0.00,0.00,0.0650
Small,Config_D,19,380,0.00,0.00,0.0650
Small,Config_D,20,400,0.00,0.00,0.0650
Small,Config_D,21,420,0.00,0.00,0.0650
Small,Config_D,22,440,0.00,0.00,0.0650
Small,Config_D,23,460,0.00,0.00,0.0650
Small,Config_D,24,480,0.00,0.00,0.0650
Small,Config_D,25,500,0.00,0.00,0.0650
Small,Config_D,26,520,0.00,0.00,0.0650
Small,Config_D,27,540,0.00,0.00,0.0650
Small,Config_D,28,560,0.00,0.00,0.0650
Small,Config_D,29,580,0.00,0.00,0.0650
Small,Config_D,30,600,0.00,0.00,0.0650
Small,Config_D,31,620,0.00,0.00,0.0650
Small,Config_D,32,640,0.00,0.00,0.0650
Small,Config_D,33,660,0.00,0.00,0.0650
Small,Config_D,34,680,0.00,0.00,0.0650
Small,Config_D,35,700,0.00,0.00,0.0650
Small,Config_D,36,720,0.00,0.00,0.0650
Small,Config_D,37,740,0.00,0.00,0.0650
Small,Config_D,38,760,0.00,0.00,0.0650
Small,Config_D,39,780,0.00,0.00,0.0650
Small,Config_D,40,800,0.00,0.00,0.0650
Small,Config_D,41,820,0.00,0.00,0.0650
Small,Config_D,42,840,0.00,0.00,0.0650
Small,Config_D,43,860,0.00,0.00,0.0650
Small,Config_D,44,880,0.00,0.00,0.0650
Small,Config_D,45,900,0.00,0.00,0.0650
Small,Config_D,46,920,0.00,0.00,0.0650
Small,Config_D,47,940,0.00,0.00,0.0650
Small,Config_D,48,960,0.00,0.00,0.0650
Small,Config_D,49,980,0.00,0.00,0.0650
Small,Config_D,50,1000,0.00,0.00,0.0650
Small,Config_D,51,1020,0.00,0.00,0.0650
Small,Config_D,52,1040,0.00,0.00,0.0650
Small,Config_D,53,1060,0.00,0.00,0.0650
Small,Config_D,54,1080,0.00,0.00,0.0650
Small,Config_D,55,1100,0.00,0.00,0.0650
Small,Config_D,56,1120,0.00,0.00,0.0650
Small,Config_D,57,1140,0.00,0.00,0.0650
Small,Config_D,58,1160,0.00,0.00,0.0650
Small,Config_D,59,1180,0.00,0.00,0.0650
Small,Config_D,60,1200,0.00,0.00,0.0650
Small,Config_D,61,1220,0.00,0.00,0.0650
Small,Config_D,62,1240,0.00,0.00,0.0650
Small,Config_D,63,1260,0.00,0.00,0.0650
Small,Config_D,64,1280,0.00,0.00,0.0650
Small,Config_D,65,1300,0.00,0.00,0.0650
Small,Config_D,66,1320,0.00,0.00,0.0650
Small,Config_D,67,1340,0.00,0.00,0.0650
Small,Config_D,68,1360,0.00,0.00,0.0650
Small,Config_D,69,1380,0.00,0.00,0.0650
Small,Config_D,70,1400,0.00,0.00,0.0650
Small,Config_D,71,1420,0.00,0.00,0.0650
Small,Config_D,72,1440,0.00,0.00,0.0650
Small,Config_D,73,1460,0.00,0.00,0.0650
Small,Config_D,74,1480,0.00,0.00,0.0650
Small,Config_D,75,1500,0.00,0.00,0.0650
Small,Config_D,76,1520,0.00,0.00,0.0650
Small,Config_D,77,1540,0.00,0.00,0.0650
Small,Config_D,78,1560,0.00,0.00,0.0650
Small,Config_D,79,1580,0.00,0.00,0.0650
Small,Config_D,80,1600,0.00,0.00,0.0650
Small,Config_D,81,1620,0.00,0.00,0.0650
Small,Config_D,82,1640,0.00,0.00,0.0650
Small,Config_D,83,1660,0.00,0.00,0.0650
Small,Config_D,84,1680,0.00,0.00,0.0650
Small,Config_D,85,1700,0.00,0.00,0.0650
Small,Config_D,86,1720,0.00,0.00,0.0650
Small,Config_D,87,1740,0.00,0.00,0.0650
Small,Config_D,88,1760,0.00,0.00,0.0650
Small,Config_D,89,1780,0.00,0.00,0.0650
Small,Config_D,90,1800,0.00,0.00,0.0650
Small,Config_D,91,1820,0.00,0.00,0.0650
Small,Config_D,92,1840,0.00,0.00,0.0650
Small,Config_D,93,1860,0.00,0.00,0.0650
Small,Config_D,94,1880,0.00,0.00,0.0650
Small,Config_D,95,1900,0.00,0.00,0.0650
Small,Config_D,96,1920,0.00,0.00,0.0650
Small,Config_D,97,1940,0.00,0.00,0.0650
Small,Config_D,98,1960,0.00,0.00,0.0650
Small,Config_D,99,1980,0.00,0.00,0.0650
Small,Config_D,100,2000,0.00,0.00,0.0650
Small,Config_D,101,2020,0.00,0.00,0.0650
Small,Config_D,102,2040,0.00,0.00,0.0650
Small,Config_D,103,2060,0.00,0.00,0.0650
Small,Config_D,104,2080,0.00,0.00,0.0650
Small,Config_D,105,2100,0.00,0.00,0.0650
Small,Config_D,106,2120,0.00,0.00,0.0650
Small,Config_D,107,2140,0.00,0.00,0.0650
Small,Config_D,108,2160,0.00,0.00,0.0650
Small,Config_D,109,2180,0.00,0.00,0.0650
Small,Config_D,110,2200,0.00,0.00,0.0650
Small,Config_D,111,2220,0.00,0.00,0.0650
Small,Config_D,112,2240,0.00,0.00,0.0650
Small,Config_D,113,2260,0.00,0.00,0.0650
Small,Config_D,114,2280,0.00,0.00,0.0650
Small,Config_D,115,2300,0.00,0.00,0.0650
Small,Config_D,116,2320,0.00,0.00,0.0650
Small,Config_D,117,2340,0.00,0.00,0.0650
Small,Config_D,118,2360,0.00,0.00,0.0650
Small,Config_D,119,2380,0.00,0.00,0.0650
Small,Config_D,120,2400,0.00,0.00,0.0650
Small,Config_D,121,2420,0.00,0.00,0.0650
Small,Config_D,122,2440,0.00,0.00,0.0650
Small,Config_D,123,2460,0.00,0.00,0.0650
Small,Config_D,124,2480,0.00,0.00,0.0650
Small,Config_D,125,2500,0.00,0.00,0.0650
Small,Config_D,126,2520,0.00,0.00,0.0650
Small,Config_D,127,2540,0.00,0.00,0.0650
Small,Config_D,128,2560,0.00,0.00,0.0650
Small,Config_D,129,2580,0.00,0.00,0.0650
Small,Config_D,130,2600,0.00,0.00,0.0650
Small,Config_D,131,2620,0.00,0.00,0.0650
Small,Config_D,132,2640,0.00,0.00,0.0650
Small,Config_D,133,2660,0.00,0.00,0.0650
Small,Config_D,134,2680,0.00,0.00,0.0650
Small,Config_D,135,2700,0.00,0.00,0.0650
Small,Config_D,136,2720,0.00,0.00,0.0650
Small,Config_D,137,2740,0.00,0.00,0.0650
Small,Config_D,138,2760,0.00,0.00,0.0650
Small,Config_D,139,2780,0.00,0.00,0.0650
Small,Config_D,140,2800,0.00,0.00,0.0650
Small,Config_D,141,2820,0.00,0.00,0.0650
Small,Config_D,142,2840,0.00,0.00,0.0650
Small,Config_D,143,2860,0.00,0.00,0.0650
Small,Config_D,144,2880,0.00,0.00,0.0650
Small,Config_D,145,2900,0.00,0.00,0.0650
Small,Config_D,146,2920,0.00,0.00,0.0650
Small,Config_D,147,2940,0.00,0.00,0.0650
Small,Config_D,148,2960,0.00,0.00,0.0650
Small,Config_D,149,2980,0.00,0.00,0.0650
Small,Config_D,150,3000,0.00,0.00,0.0650
Small,Config_D,151,3020,0.00,0.00,0.0650
Small,Config_D,152,3040,0.00,0.00,0.0650
Small,Config_D,153,3060,0.00,0.00,0.0650
Small,Config_D,154,3080,0.00,0.00,0.0650
Small,Config_D,155,3100,0.00,0.00,0.0650
Small,Config_D,156,3120,0.00,0.00,0.0650
Small,Config_D,157,3140,0.00,0.00,0.0650
Small,Config_D,158,3160,0.00,0.00,0.0650
Small,Config_D,159,3180,0.00,0.00,0.0650
Small,Config_D,160,3200,0.00,0.00,0.0650
Small,Config_D,161,3220,0.00,0.00,0.0650
Small,Config_D,162,3240,0.00,0.00,0.0650
Small,Config_D,163,3260,0.00,0.00,0.0650
Small,Config_D,164,3280,0.00,0.00,0.0650
Small,Config_D,165,3300,0.00,0.00,0.0650
Small,Config_D,166,3320,0.00,0.00,0.0650
Small,Config_D,167,3340,0.00,0.00,0.0650
Small,Config_D,168,3360,0.00,0.00,0.0650
Small,Config_D,169,3380,0.00,0.00,0.0650
Small,Config_D,170,3400,0.00,0.00,0.0650
Small,Config_D,171,3420,0.00,0.00,0.0650
Small,Config_D,172,3440,0.00,0.00,0.0650
Small,Config_D,173,3460,0.00,0.00,0.0650
Small,Config_D,174,3480,0.00,0.00,0.0650
Small,Config_D,175,3500,0.00,0.00,0.0650
Small,Config_D,176,3520,0.00,0.00,0.0650
Small,Config_D,177,3540,0.00,0.00,0.0650
Small,Config_D,178,3560,0.00,0.00,0.0650
Small,Config_D,179,3580,0.00,0.00,0.0650
Small,Config_D,180,3600,0.00,0.00,0.0650
Small,Config_D,181,3620,0.00,0.00,0.0650
Small,Config_D,182,3640,0.00,0.00,0.0650
Small,Config_D,183,3660,0.00,0.00,0.0650
Small,Config_D,184,3680,0.00,0.00,0.0650
Small,Config_D,185,3700,0.00,0.00,0.0650
Small,Config_D,186,3720,0.00,0.00,0.0650
Small,Config_D,187,3740,0.00,0.00,0.0650
Small,Config_D,188,3760,0.00,0.00,0.0650
Small,Config_D,189,3780,0.00,0.00,0.0650
Small,Config_D,190,3800,0.00,0.00,0.0650
Small,Config_D,191,3820,0.00,0.00,0.0650
Small,Config_D,192,3840,0.00,0.00,0.0650
Small,Config_D,193,3860,0.00,0.00,0.0650
Small,Config_D,194,3880,0.00,0.00,0.0650
Small,Config_D,195,3900,0.00,0.00,0.0650
Small,Config_D,196,3920,0.00,0.00,0.0650
Small,Config_D,197,3940,0.00,0.00,0.0650
Small,Config_D,198,3960,0.00,0.00,0.0650
Small,Config_D,199,3980,0.00,0.00,0.0650
Small,Config_D,200,4000,0.00,0.00,0.0650
Small,Config_D,201,4020,0.00,0.00,0.0650
Small,Config_D,202,4040,0.00,0.00,0.0650
Small,Config_D,203,4060,0.00,0.00,0.0650
Small,Config_D,204,4080,0.00,0.00,0.0650
Small,Config_D,205,4100,0.00,0.00,0.0650
Small,Config_D,206,4120,0.00,0.00,0.0650
Small,Config_D,207,4140,0.00,0.00,0.0650
Small,Config_D,208,4160,0.00,0.00,0.0650
Small,Config_D,209,4180,0.00,0.00,0.0650
Small,Config_D,210,4200,0.00,0.00,0.0650
Small,Config_D,211,4220,0.00,0.00,0.0650
Small,Config_D,212,4240,0.00,0.00,0.0650
Small,Config_D,213,4260,0.00,0.00,0.0650
Small,Config_D,214,4280,0.00,0.00,0.0650
Small,Config_D,215,4300,0.00,0.00,0.0650
Small,Config_D,216,4320,0.00,0.00,0.0650
Small,Config_D,217,4340,0.00,0.00,0.0650
Small,Config_D,218,4360,0.00,0.00,0.0650
Small,Config_D,219,4380,0.00,0.00,0.0650
Small,Config_D,220,4400,0.00,0.00,0.0650
Small,Config_D,221,4420,0.00,0.00,0.0650
Small,Config_D,222,4440,0.00,0.00,0.0650
Small,Config_D,223,4460,0.00,0.00,0.0650
Small,Config_D,224,4480,0.00,0.00,0.0650
Small,Config_D,225,4500,0.00,0.00,0.0650
Small,Config_D,226,4520,0.00,0.00,0.0650
Small,Config_D,227,4540,0.00,0.00,0.0650
Small,Config_D,228,4560,0.00,0.00,0.0650
Small,Config_D,229,4580,0.00,0.00,0.0650
Small,Config_D,230,4600,0.00,0.00,0.0650
Small,Config_D,231,4620,0.00,0.00,0.0650
Small,Config_D,232,4640,0.00,0.00,0.0650
Small,Config_D,233,4660,0.00,0.00,0.0650
Small,Config_D,234,4680,0.00,0.00,0.0650
Small,Config_D,235,4700,0.00,0.00,0.0650
Small,Config_D,236,4720,0.00,0.00,0.0650
Small,Config_D,237,4740,0.00,0.00,0.0650
Small,Config_D,238,4760,0.00,0.00,0.0650
Small,Config_D,239,4780,0.00,0.00,0.0650
Small,Config_D,240,4800,0.00,0.00,0.0650
Small,Config_D,241,4820,0.00,0.00,0.0650
Small,Config_D,242,4840,0.00,0.00,0.0650
Small,Config_D,243,4860,0.00,0.00,0.0650
Small,Config_D,244,4880,0.00,0.00,0.0650
Small,Config_D,245,4900,0.00,0.00,0.0650
Small,Config_D,246,4920,0.00,0.00,0.0650
Small,Config_D,247,4940,0.00,0.00,0.0650
Small,Config_D,248,4960,0.00,0.00,0.0650
Small,Config_D,249,4980,0.00,0.00,0.0650
Small,Config_D,250,5000,0.00,0.00,0.0650
Small,Config_D,251,5020,0.00,0.00,0.0650
Small,Config_D,252,5040,0.00,0.00,0.0650
Small,Config_D,253,5060,0.00,0.00,0.0650
Small,Config_D,254,5080,0.00,0.00,0.0650
Small,Config_D,255,5100,0.00,0.00,0.0650
Small,Config_D,256,5120,0.00,0.00,0.0650
Small,Config_D,257,5140,0.00,0.00,0.0650
Small,Config_D,258,5160,0.00,0.00,0.0650
Small,Config_D,259,5180,0.00,0.00,0.0650
Small,Config_D,260,5200,0.00,0.00,0.0650
Small,Config_D,261,5220,0.00,0.00,0.0650
Small,Config_D,262,5240,0.00,0.00,0.0650
Small,Config_D,263,5260,0.00,0.00,0.0650
Small,Config_D,264,5280,0.00,0.00,0.0650
Small,Config_D,265,5300,0.00,0.00,0.0650
Small,Config_D,266,5320,0.00,0.00,0.0650
Small,Config_D,267,5340,0.00,0.00,0.0650
Small,Config_D,268,5360,0.00,0.00,0.0650
Small,Config_D,269,5380,0.00,0.00,0.0650
Small,Config_D,270,5400,0.00,0.00,0.0650
Small,Config_D,271,5420,0.00,0.00,0.0650
Small,Config_D,272,5440,0.00,0.00,0.0650
Small,Config_D,273,5460,0.00,0.00,0.0650
Small,Config_D,274,5480,0.00,0.00,0.0650
Small,Config_D,275,5500,0.00,0.00,0.0650
Small,Config_D,276,5520,0.00,0.00,0.0650
Small,Config_D,277,5540,0.00,0.00,0.0650
Small,Config_D,278,5560,0.00,0.00,0.0650
Small,Config_D,279,5580,0.00,0.00,0.0650
Small,Config_D,280,5600,0.00,0.00,0.0650
Small,Config_D,281,5620,0.00,0.00,0.0650
Small,Config_D,282,5640,0.00,0.00,0.0650
Small,Config_D,283,5660,0.00,0.00,0.0650
Small,Config_D,284,5680,0.00,0.00,0.0650
Small,Config_D,285,5700,0.00,0.00,0.0650
Small,Config_D,286,5720,0.00,0.00,0.0650
Small,Config_D,287,5740,0.00,0.00,0.0650
Small,Config_D,288,5760,0.00,0.00,0.0650
Small,Config_D,289,5780,0.00,0.00,0.0650
Small,Config_D,290,5800,0.00,0.00,0.0650
Small,Config_D,291,5820,0.00,0.00,0.0650
Small,Config_D,292,5840,0.00,0.00,0.0650
Small,Config_D,293,5860,0.00,0.00,0.0650
Small,Config_D,294,5880,0.00,0.00,0.0650
Small,Config_D,295,5900,0.00,0.00,0.0650
Small,Config_D,296,5920,0.00,0.00,0.0650
Small,Config_D,297,5940,0.00,0.00,0.0650
Small,Config_D,298,5960,0.00,0.00,0.0650
Small,Config_D,299,5980,0.00,0.00,0.0650
Small,Config_D,300,6000,0.00,0.00,0.0650
Small,Config_E,1,40,552.00,1000.00,0.0112
Small,Config_E,2,80,0.00,0.00,0.2037
Small,Config_E,3,120,0.00,0.00,0.2037
Small,Config_E,4,160,0.00,0.00,0.2037
Small,Config_E,5,200,0.00,0.00,0.2037
Small,Config_E,6,240,0.00,0.00,0.2037
Small,Config_E,7,280,0.00,0.00,0.2037
Small,Config_E,8,320,0.00,0.00,0.2037
Small,Config_E,9,360,0.00,0.00,0.2037
Small,Config_E,10,400,0.00,0.00,0.2037
Small,Config_E,11,440,0.00,0.00,0.2037
Small,Config_E,12,480,0.00,0.00,0.2037
Small,Config_E,13,520,0.00,0.00,0.2037
Small,Config_E,14,560,0.00,0.00,0.2037
Small,Config_E,15,600,0.00,0.00,0.2037
Small,Config_E,16,640,0.00,0.00,0.2037
Small,Config_E,17,680,0.00,0.00,0.2037
Small,Config_E,18,720,0.00,0.00,0.2037
Small,Config_E,19,760,0.00,0.00,0.2037
Small,Config_E,20,800,0.00,0.00,0.2037
Small,Config_E,21,840,0.00,0.00,0.2037
Small,Config_E,22,880,0.00,0.00,0.2037
Small,Config_E,23,920,0.00,0.00,0.2037
Small,Config_E,24,960,0.00,0.00,0.2037
Small,Config_E,25,1000,0.00,0.00,0.2037
Small,Config_E,26,1040,0.00,0.00,0.2037
Small,Config_E,27,1080,0.00,0.00,0.2037
Small,Config_E,28,1120,0.00,0.00,0.2037
Small,Config_E,29,1160,0.00,0.00,0.2037
Small,Config_E,30,1200,0.00,0.00,0.2037
Small,Config_E,31,1240,0.00,0.00,0.2037
Small,Config_E,32,1280,0.00,0.00,0.2037
Small,Config_E,33,1320,0.00,0.00,0.2037
Small,Config_E,34,1360,0.00,0.00,0.2037
Small,Config_E,35,1400,0.00,0.00,0.2037
Small,Config_E,36,1440,0.00,0.00,0.2037
Small,Config_E,37,1480,0.00,0.00,0.2037
Small,Config_E,38,1520,0.00,0.00,0.2037
Small,Config_E,39,1560,0.00,0.00,0.2037
Small,Config_E,40,1600,0.00,0.00,0.2037
Small,Config_E,41,1640,0.00,0.00,0.2037
Small,Config_E,42,1680,0.00,0.00,0.2037
Small,Config_E,43,1720,0.00,0.00,0.2037
Small,Config_E,44,1760,0.00,0.00,0.2037
Small,Config_E,45,1800,0.00,0.00,0.2037
Small,Config_E,46,1840,0.00,0.00,0.2037
Small,Config_E,47,1880,0.00,0.00,0.2037
Small,Config_E,48,1920,0.00,0.00,0.2037
Small,Config_E,49,1960,0.00,0.00,0.2037
Small,Config_E,50,2000,0.00,0.00,0.2037
Small,Config_E,51,2040,0.00,0.00,0.2037
Small,Config_E,52,2080,0.00,0.00,0.2037
Small,Config_E,53,2120,0.00,0.00,0.2037
Small,Config_E,54,2160,0.00,0.00,0.2037
Small,Config_E,55,2200,0.00,0.00,0.2037
Small,Config_E,56,2240,0.00,0.00,0.2037
Small,Config_E,57,2280,0.00,0.00,0.2037
Small,Config_E,58,2320,0.00,0.00,0.2037
Small,Config_E,59,2360,0.00,0.00,0.2037
Small,Config_E,60,2400,0.00,0.00,0.2037
Small,Config_E,61,2440,0.00,0.00,0.2037
Small,Config_E,62,2480,0.00,0.00,0.2037
Small,Config_E,63,2520,0.00,0.00,0.2037
Small,Config_E,64,2560,0.00,0.00,0.2037
Small,Config_E,65,2600,0.00,0.00,0.2037
Small,Config_E,66,2640,0.00,0.00,0.2037
Small,Config_E,67,2680,0.00,0.00,0.2037
Small,Config_E,68,2720,0.00,0.00,0.2037
Small,Config_E,69,2760,0.00,0.00,0.2037
Small,Config_E,70,2800,0.00,0.00,0.2037
Small,Config_E,71,2840,0.00,0.00,0.2037
Small,Config_E,72,2880,0.00,0.00,0.2037
Small,Config_E,73,2920,0.00,0.00,0.2037
Small,Config_E,74,2960,0.00,0.00,0.2037
Small,Config_E,75,3000,0.00,0.00,0.2037
Small,Config_E,76,3040,0.00,0.00,0.2037
Small,Config_E,77,3080,0.00,0.00,0.2037
Small,Config_E,78,3120,0.00,0.00,0.2037
Small,Config_E,79,3160,0.00,0.00,0.2037
Small,Config_E,80,3200,0.00,0.00,0.2037
Small,Config_E,81,3240,0.00,0.00,0.2037
Small,Config_E,82,3280,0.00,0.00,0.2037
Small,Config_E,83,3320,0.00,0.00,0.2037
Small,Config_E,84,3360,0.00,0.00,0.2037
Small,Config_E,85,3400,0.00,0.00,0.2037
Small,Config_E,86,3440,0.00,0.00,0.2037
Small,Config_E,87,3480,0.00,0.00,0.2037
Small,Config_E,88,3520,0.00,0.00,0.2037
Small,Config_E,89,3560,0.00,0.00,0.2037
Small,Config_E,90,3600,0.00,0.00,0.2037
Small,Config_E,91,3640,0.00,0.00,0.2037
Small,Config_E,92,3680,0.00,0.00,0.2037
Small,Config_E,93,3720,0.00,0.00,0.2037
Small,Config_E,94,3760,0.00,0.00,0.2037
Small,Config_E,95,3800,0.00,0.00,0.2037
Small,Config_E,96,3840,0.00,0.00,0.2037
Small,Config_E,97,3880,0.00,0.00,0.2037
Small,Config_E,98,3920,0.00,0.00,0.2037
Small,Config_E,99,3960,0.00,0.00,0.2037
Small,Config_E,100,4000,0.00,0.00,0.2037
Small,Config_E,101,4040,0.00,0.00,0.2037
Small,Config_E,102,4080,0.00,0.00,0.2037
Small,Config_E,103,4120,0.00,0.00,0.2037
Small,Config_E,104,4160,0.00,0.00,0.2037
Small,Config_E,105,4200,0.00,0.00,0.2037
Small,Config_E,106,4240,0.00,0.00,0.2037
Small,Config_E,107,4280,0.00,0.00,0.2037
Small,Config_E,108,4320,0.00,0.00,0.2037
Small,Config_E,109,4360,0.00,0.00,0.2037
Small,Config_E,110,4400,0.00,0.00,0.2037
Small,Config_E,111,4440,0.00,0.00,0.2037
Small,Config_E,112,4480,0.00,0.00,0.2037
Small,Config_E,113,4520,0.00,0.00,0.2037
Small,Config_E,114,4560,0.00,0.00,0.2037
Small,Config_E,115,4600,0.00,0.00,0.2037
Small,Config_E,116,4640,0.00,0.00,0.2037
Small,Config_E,117,4680,0.00,0.00,0.2037
Small,Config_E,118,4720,0.00,0.00,0.2037
Small,Config_E,119,4760,0.00,0.00,0.2037
Small,Config_E,120,4800,0.00,0.00,0.2037
Small,Config_E,121,4840,0.00,0.00,0.2037
Small,Config_E,122,4880,0.00,0.00,0.2037
Small,Config_E,123,4920,0.00,0.00,0.2037
Small,Config_E,124,4960,0.00,0.00,0.2037
Small,Config_E,125,5000,0.00,0.00,0.2037
Small,Config_E,126,5040,0.00,0.00,0.2037
Small,Config_E,127,5080,0.00,0.00,0.2037
Small,Config_E,128,5120,0.00,0.00,0.2037
Small,Config_E,129,5160,0.00,0.00,0.2037
Small,Config_E,130,5200,0.00,0.00,0.2037
Small,Config_E,131,5240,0.00,0.00,0.2037
Small,Config_E,132,5280,0.00,0.00,0.2037
Small,Config_E,133,5320,0.00,0.00,0.2037
Small,Config_E,134,5360,0.00,0.00,0.2037
Small,Config_E,135,5400,0.00,0.00,0.2037
Small,Config_E,136,5440,0.00,0.00,0.2037
Small,Config_E,137,5480,0.00,0.00,0.2037
Small,Config_E,138,5520,0.00,0.00,0.2037
Small,Config_E,139,5560,0.00,0.00,0.2037
Small,Config_E,140,5600,0.00,0.00,0.2037
Small,Config_E,141,5640,0.00,0.00,0.2037
Small,Config_E,142,5680,0.00,0.00,0.2037
Small,Config_E,143,5720,0.00,0.00,0.2037
Small,Config_E,144,5760,0.00,0.00,0.2037
Small,Config_E,145,5800,0.00,0.00,0.2037
Small,Config_E,146,5840,0.00,0.00,0.2037
Small,Config_E,147,5880,0.00,0.00,0.2037
Small,Config_E,148,5920,0.00,0.00,0.2037
Small,Config_E,149,5960,0.00,0.00,0.2037
Small,Config_E,150,6000,0.00,0.00,0.2037
Small,Config_F,1,40,1.50,0.00,0.2100
Small,Config_F,2,80,0.00,0.00,0.2600
Small,Config_F,3,120,0.00,0.00,0.2600
Small,Config_F,4,160,0.00,0.00,0.2600
Small,Config_F,5,200,0.00,0.00,0.2600
Small,Config_F,6,240,0.00,0.00,0.2600
Small,Config_F,7,280,0.00,0.00,0.2600
Small,Config_F,8,320,0.00,0.00,0.2600
Small,Config_F,9,360,0.00,0.00,0.2600
Small,Config_F,10,400,0.00,0.00,0.2600
Small,Config_F,11,440,0.00,0.00,0.2600
Small,Config_F,12,480,0.00,0.00,0.2600
Small,Config_F,13,520,0.00,0.00,0.2600
Small,Config_F,14,560,0.00,0.00,0.2600
Small,Config_F,15,600,0.00,0.00,0.2600
Small,Config_F,16,640,0.00,0.00,0.2600
Small,Config_F,17,680,0.00,0.00,0.2600
Small,Config_F,18,720,0.00,0.00,0.2600
Small,Config_F,19,760,0.00,0.00,0.2600
Small,Config_F,20,800,0.00,0.00,0.2600
Small,Config_F,21,840,0.00,0.00,0.2600
Small,Config_F,22,880,0.00,0.00,0.2600
Small,Config_F,23,920,0.00,0.00,0.2600
Small,Config_F,24,960,0.00,0.00,0.2600
Small,Config_F,25,1000,0.00,0.00,0.2600
Small,Config_F,26,1040,0.00,0.00,0.2600
Small,Config_F,27,1080,0.00,0.00,0.2600
Small,Config_F,28,1120,0.00,0.00,0.2600
Small,Config_F,29,1160,0.00,0.00,0.2600
Small,Config_F,30,1200,0.00,0.00,0.2600
Small,Config_F,31,1240,0.00,0.00,0.2600
Small,Config_F,32,1280,0.00,0.00,0.2600
Small,Config_F,33,1320,0.00,0.00,0.2600
Small,Config_F,34,1360,0.00,0.00,0.2600
Small,Config_F,35,1400,0.00,0.00,0.2600
Small,Config_F,36,1440,0.00,0.00,0.2600
Small,Config_F,37,1480,0.00,0.00,0.2600
Small,Config_F,38,1520,0.00,0.00,0.2600
Small,Config_F,39,1560,0.00,0.00,0.2600
Small,Config_F,40,1600,0.00,0.00,0.2600
Small,Config_F,41,1640,0.00,0.00,0.2600
Small,Config_F,42,1680,0.00,0.00,0.2600
Small,Config_F,43,1720,0.00,0.00,0.2600
Small,Config_F,44,1760,0.00,0.00,0.2600
Small,Config_F,45,1800,0.00,0.00,0.2600
Small,Config_F,46,1840,0.00,0.00,0.2600
Small,Config_F,47,1880,0.00,0.00,0.2600
Small,Config_F,48,1920,0.00,0.00,0.2600
Small,Config_F,49,1960,0.00,0.00,0.2600
Small,Config_F,50,2000,0.00,0.00,0.2600
Small,Config_F,51,2040,0.00,0.00,0.2600
Small,Config_F,52,2080,0.00,0.00,0.2600
Small,Config_F,53,2120,0.00,0.00,0.2600
Small,Config_F,54,2160,0.00,0.00,0.2600
Small,Config_F,55,2200,0.00,0.00,0.2600
Small,Config_F,56,2240,0.00,0.00,0.2600
Small,Config_F,57,2280,0.00,0.00,0.2600
Small,Config_F,58,2320,0.00,0.00,0.2600
Small,Config_F,59,2360,0.00,0.00,0.2600
Small,Config_F,60,2400,0.00,0.00,0.2600
Small,Config_F,61,2440,0.00,0.00,0.2600
Small,Config_F,62,2480,0.00,0.00,0.2600
Small,Config_F,63,2520,0.00,0.00,0.2600
Small,Config_F,64,2560,0.00,0.00,0.2600
Small,Config_F,65,2600,0.00,0.00,0.2600
Small,Config_F,66,2640,0.00,0.00,0.2600
Small,Config_F,67,2680,0.00,0.00,0.2600
Small,Config_F,68,2720,0.00,0.00,0.2600
Small,Config_F,69,2760,0.00,0.00,0.2600
Small,Config_F,70,2800,0.00,0.00,0.2600
Small,Config_F,71,2840,0.00,0.00,0.2600
Small,Config_F,72,2880,0.00,0.00,0.2600
Small,Config_F,73,2920,0.00,0.00,0.2600
Small,Config_F,74,2960,0.00,0.00,0.2600
Small,Config_F,75,3000,0.00,0.00,0.2600
Small,Config_F,76,3040,0.00,0.00,0.2600
Small,Config_F,77,3080,0.00,0.00,0.2600
Small,Config_F,78,3120,0.00,0.00,0.2600
Small,Config_F,79,3160,0.00,0.00,0.2600
Small,Config_F,80,3200,0.00,0.00,0.2600
Small,Config_F,81,3240,0.00,0.00,0.2600
Small,Config_F,82,3280,0.00,0.00,0.2600
Small,Config_F,83,3320,0.00,0.00,0.2600
Small,Config_F,84,3360,0.00,0.00,0.2600
Small,Config_F,85,3400,0.00,0.00,0.2600
Small,Config_F,86,3440,0.00,0.00,0.2600
Small,Config_F,87,3480,0.00,0.00,0.2600
Small,Config_F,88,3520,0.00,0.00,0.2600
Small,Config_F,89,3560,0.00,0.00,0.2600
Small,Config_F,90,3600,0.00,0.00,0.2600
Small,Config_F,91,3640,0.00,0.00,0.2600
Small,Config_F,92,3680,0.00,0.00,0.2600
Small,Config_F,93,3720,0.00,0.00,0.2600
Small,Config_F,94,3760,0.00,0.00,0.2600
Small,Config_F,95,3800,0.00,0.00,0.2600
Small,Config_F,96,3840,0.00,0.00,0.2600
Small,Config_F,97,3880,0.00,0.00,0.2600
Small,Config_F,98,3920,0.00,0.00,0.2600
Small,Config_F,99,3960,0.00,0.00,0.2600
Small,Config_F,100,4000,0.00,0.00,0.2600
Small,Config_F,101,4040,0.00,0.00,0.2600
Small,Config_F,102,4080,0.00,0.00,0.2600
Small,Config_F,103,4120,0.00,0.00,0.2600
Small,Config_F,104,4160,0.00,0.00,0.2600
Small,Config_F,105,4200,0.00,0.00,0.2600
Small,Config_F,106,4240,0.00,0.00,0.2600
Small,Config_F,107,4280,0.00,0.00,0.2600
Small,Config_F,108,4320,0.00,0.00,0.2600
Small,Config_F,109,4360,0.00,0.00,0.2600
Small,Config_F,110,4400,0.00,0.00,0.2600
Small,Config_F,111,4440,0.00,0.00,0.2600
Small,Config_F,112,4480,0.00,0.00,0.2600
Small,Config_F,113,4520,0.00,0.00,0.2600
Small,Config_F,114,4560,0.00,0.00,0.2600
Small,Config_F,115,4600,0.00,0.00,0.2600
Small,Config_F,116,4640,0.00,0.00,0.2600
Small,Config_F,117,4680,0.00,0.00,0.2600
Small,Config_F,118,4720,0.00,0.00,0.2600
Small,Config_F,119,4760,0.00,0.00,0.2600
Small,Config_F,120,4800,0.00,0.00,0.2600
Small,Config_F,121,4840,0.00,0.00,0.2600
Small,Config_F,122,4880,0.00,0.00,0.2600
Small,Config_F,123,4920,0.00,0.00,0.2600
Small,Config_F,124,4960,0.00,0.00,0.2600
Small,Config_F,125,5000,0.00,0.00,0.2600
Small,Config_F,126,5040,0.00,0.00,0.2600
Small,Config_F,127,5080,0.00,0.00,0.2600
Small,Config_F,128,5120,0.00,0.00,0.2600
Small,Config_F,129,5160,0.00,0.00,0.2600
Small,Config_F,130,5200,0.00,0.00,0.2600
Small,Config_F,131,5240,0.00,0.00,0.2600
Small,Config_F,132,5280,0.00,0.00,0.2600
Small,Config_F,133,5320,0.00,0.00,0.2600
Small,Config_F,134,5360,0.00,0.00,0.2600
Small,Config_F,135,5400,0.00,0.00,0.2600
Small,Config_F,136,5440,0.00,0.00,0.2600
Small,Config_F,137,5480,0.00,0.00,0.2600
Small,Config_F,138,5520,0.00,0.00,0.2600
Small,Config_F,139,5560,0.00,0.00,0.2600
Small,Config_F,140,5600,0.00,0.00,0.2600
Small,Config_F,141,5640,0.00,0.00,0.2600
Small,Config_F,142,5680,0.00,0.00,0.2600
Small,Config_F,143,5720,0.00,0.00,0.2600
Small,Config_F,144,5760,0.00,0.00,0.2600
Small,Config_F,145,5800,0.00,0.00,0.2600
Small,Config_F,146,5840,0.00,0.00,0.2600
Small,Config_F,147,5880,0.00,0.00,0.2600
Small,Config_F,148,5920,0.00,0.00,0.2600
Small,Config_F,149,5960,0.00,0.00,0.2600
Small,Config_F,150,6000,0.00,0.00,0.2600
Medium,Config_A,1,40,10695.75,10537.50,0.0000
Medium,Config_A,2,80,9843.50,10022.50,0.0000
Medium,Config_A,3,120,8899.75,9035.00,0.0000
Medium,Config_A,4,160,8400.75,8065.00,0.0000
Medium,Config_A,5,200,7799.50,8027.50,0.0000
Medium,Config_A,6,240,6942.00,7032.50,0.0000
Medium,Config_A,7,280,6143.50,6065.00,0.0000
Medium,Config_A,8,320,5544.00,5070.00,0.0000
Medium,Config_A,9,360,5144.50,5045.00,0.0000
Medium,Config_A,10,400,4637.00,5005.00,0.0000
Medium,Config_A,11,440,4384.25,4042.50,0.0000
Medium,Config_A,12,480,4028.50,4020.00,0.0000
Medium,Config_A,13,520,3773.50,4005.00,0.0000
Medium,Config_A,14,560,3330.75,3055.00,0.0000
Medium,Config_A,15,600,3026.25,3025.00,0.0000
Medium,Config_A,16,640,2722.50,2550.00,0.0013
Medium,Config_A,17,680,2573.00,2065.00,0.0050
Medium,Config_A,18,720,2323.25,2032.50,0.0125
Medium,Config_A,19,760,2170.75,2007.50,0.0200
Medium,Config_A,20,800,2067.25,2007.50,0.0175
Medium,Config_A,21,840,1917.50,2000.00,0.0163
Medium,Config_A,22,880,1818.00,2000.00,0.0225
Medium,Config_A,23,920,1618.75,1512.50,0.0275
Medium,Config_A,24,960,1516.50,1022.50,0.0375
Medium,Config_A,25,1000,1317.75,1007.50,0.0488
Medium,Config_A,26,1040,1315.75,1005.00,0.0762
Medium,Config_A,27,1080,1214.00,1005.00,0.0900
Medium,Config_A,28,1120,1164.00,1000.00,0.1012
Medium,Config_A,29,1160,1064.50,1000.00,0.0938
Medium,Config_A,30,1200,1013.00,1000.00,0.1038
Medium,Config_A,31,1240,912.00,1000.00,0.1050
Medium,Config_A,32,1280,909.50,1000.00,0.1075
Medium,Config_A,33,1320,856.75,1000.00,0.1137
Medium,Config_A,34,1360,757.50,1000.00,0.1275
Medium,Config_A,35,1400,658.00,50.00,0.1450
Medium,Config_A,36,1440,559.75,35.00,0.1475
Medium,Config_A,37,1480,510.25,25.00,0.1462
Medium,Config_A,38,1520,508.00,22.50,0.1762
Medium,Config_A,39,1560,507.50,20.00,0.1838
Medium,Config_A,40,1600,504.25,10.00,0.2112
Medium,Config_A,41,1640,504.25,10.00,0.2138
Medium,Config_A,42,1680,454.75,10.00,0.2275
Medium,Config_A,43,1720,452.00,10.00,0.2263
Medium,Config_A,44,1760,402.00,10.00,0.2413
Medium,Config_A,45,1800,401.00,0.00,0.2313
Medium,Config_A,46,1840,400.50,0.00,0.2275
Medium,Config_A,47,1880,400.00,0.00,0.2250
Medium,Config_A,48,1920,400.00,0.00,0.2250
Medium,Config_A,49,1960,350.00,0.00,0.2250
Medium,Config_A,50,2000,350.00,0.00,0.2250
Medium,Config_A,51,2040,350.00,0.00,0.2250
Medium,Config_A,52,2080,300.00,0.00,0.2263
Medium,Config_A,53,2120,300.00,0.00,0.2263
Medium,Config_A,54,2160,250.50,0.00,0.2275
Medium,Config_A,55,2200,250.50,0.00,0.2288
Medium,Config_A,56,2240,250.50,0.00,0.2313
Medium,Config_A,57,2280,200.50,0.00,0.2400
Medium,Config_A,58,2320,150.50,0.00,0.2487
Medium,Config_A,59,2360,150.50,0.00,0.2462
Medium,Config_A,60,2400,150.50,0.00,0.2487
Medium,Config_A,61,2440,150.50,0.00,0.2513
Medium,Config_A,62,2480,101.25,0.00,0.2513
Medium,Config_A,63,2520,101.00,0.00,0.2538
Medium,Config_A,64,2560,101.00,0.00,0.2600
Medium,Config_A,65,2600,101.00,0.00,0.2650
Medium,Config_A,66,2640,101.00,0.00,0.2662
Medium,Config_A,67,2680,101.00,0.00,0.2687
Medium,Config_A,68,2720,101.00,0.00,0.2800
Medium,Config_A,69,2760,100.50,0.00,0.2750
Medium,Config_A,70,2800,100.50,0.00,0.2687
Medium,Config_A,71,2840,50.50,0.00,0.2750
Medium,Config_A,72,2880,50.50,0.00,0.2812
Medium,Config_A,73,2920,50.50,0.00,0.2800
Medium,Config_A,74,2960,50.50,0.00,0.2850
Medium,Config_A,75,3000,50.50,0.00,0.2875
Medium,Config_A,76,3040,50.00,0.00,0.2775
Medium,Config_A,77,3080,50.00,0.00,0.2775
Medium,Config_A,78,3120,50.00,0.00,0.2775
Medium,Config_A,79,3160,50.00,0.00,0.2775
Medium,Config_A,80,3200,50.00,0.00,0.2775
Medium,Config_A,81,3240,50.00,0.00,0.2775
Medium,Config_A,82,3280,50.00,0.00,0.2775
Medium,Config_A,83,3320,50.00,0.00,0.2775
Medium,Config_A,84,3360,50.00,0.00,0.2775
Medium,Config_A,85,3400,50.00,0.00,0.2775
Medium,Config_A,86,3440,50.00,0.00,0.2775
Medium,Config_A,87,3480,50.00,0.00,0.2775
Medium,Config_A,88,3520,50.00,0.00,0.2775
Medium,Config_A,89,3560,50.00,0.00,0.2775
Medium,Config_A,90,3600,0.00,0.00,0.2787
Medium,Config_A,91,3640,0.00,0.00,0.2787
Medium,Config_A,92,3680,0.00,0.00,0.2787
Medium,Config_A,93,3720,0.00,0.00,0.2787
Medium,Config_A,94,3760,0.00,0.00,0.2787
Medium,Config_A,95,3800,0.00,0.00,0.2787
Medium,Config_A,96,3840,0.00,0.00,0.2787
Medium,Config_A,97,3880,0.00,0.00,0.2787
Medium,Config_A,98,3920,0.00,0.00,0.2787
Medium,Config_A,99,3960,0.00,0.00,0.2787
Medium,Config_A,100,4000,0.00,0.00,0.2787
Medium,Config_A,101,4040,0.00,0.00,0.2787
Medium,Config_A,102,4080,0.00,0.00,0.2787
Medium,Config_A,103,4120,0.00,0.00,0.2787
Medium,Config_A,104,4160,0.00,0.00,0.2787
Medium,Config_A,105,4200,0.00,0.00,0.2787
Medium,Config_A,106,4240,0.00,0.00,0.2787
Medium,Config_A,107,4280,0.00,0.00,0.2787
Medium,Config_A,108,4320,0.00,0.00,0.2787
Medium,Config_A,109,4360,0.00,0.00,0.2787
Medium,Config_A,110,4400,0.00,0.00,0.2787
Medium,Config_A,111,4440,0.00,0.00,0.2787
Medium,Config_A,112,4480,0.00,0.00,0.2787
Medium,Config_A,113,4520,0.00,0.00,0.2787
Medium,Config_A,114,4560,0.00,0.00,0.2787
Medium,Config_A,115,4600,0.00,0.00,0.2787
Medium,Config_A,116,4640,0.00,0.00,0.2787
Medium,Config_A,117,4680,0.00,0.00,0.2787
Medium,Config_A,118,4720,0.00,0.00,0.2787
Medium,Config_A,119,4760,0.00,0.00,0.2787
Medium,Config_A,120,4800,0.00,0.00,0.2787
Medium,Config_A,121,4840,0.00,0.00,0.2787
Medium,Config_A,122,4880,0.00,0.00,0.2787
Medium,Config_A,123,4920,0.00,0.00,0.2787
Medium,Config_A,124,4960,0.00,0.00,0.2787
Medium,Config_A,125,5000,0.00,0.00,0.2787
Medium,Config_A,126,5040,0.00,0.00,0.2787
Medium,Config_A,127,5080,0.00,0.00,0.2787
Medium,Config_A,128,5120,0.00,0.00,0.2787
Medium,Config_A,129,5160,0.00,0.00,0.2787
Medium,Config_A,130,5200,0.00,0.00,0.2787
Medium,Config_A,131,5240,0.00,0.00,0.2787
Medium,Config_A,132,5280,0.00,0.00,0.2787
Medium,Config_A,133,5320,0.00,0.00,0.2787
Medium,Config_A,134,5360,0.00,0.00,0.2787
Medium,Config_A,135,5400,0.00,0.00,0.2787
Medium,Config_A,136,5440,0.00,0.00,0.2787
Medium,Config_A,137,5480,0.00,0.00,0.2787
Medium,Config_A,138,5520,0.00,0.00,0.2787
Medium,Config_A,139,5560,0.00,0.00,0.2787
Medium,Config_A,140,5600,0.00,0.00,0.2787
Medium,Config_A,141,5640,0.00,0.00,0.2787
Medium,Config_A,142,5680,0.00,0.00,0.2787
Medium,Config_A,143,5720,0.00,0.00,0.2787
Medium,Config_A,144,5760,0.00,0.00,0.2787
Medium,Config_A,145,5800,0.00,0.00,0.2787
Medium,Config_A,146,5840,0.00,0.00,0.2787
Medium,Config_A,147,5880,0.00,0.00,0.2787
Medium,Config_A,148,5920,0.00,0.00,0.2787
Medium,Config_A,149,5960,0.00,0.00,0.2787
Medium,Config_A,150,6000,0.00,0.00,0.2787
Medium,Config_B,1,60,10196.00,10060.00,0.0000
Medium,Config_B,2,120,8943.50,9050.00,0.0000
Medium,Config_B,3,180,8105.75,8062.50,0.0000
Medium,Config_B,4,240,7049.00,7050.00,0.0000
Medium,Config_B,5,300,6450.25,6557.50,0.0000
Medium,Config_B,6,360,5848.75,6022.50,0.0000
Medium,Config_B,7,420,5498.00,5072.50,0.0000
Medium,Config_B,8,480,5301.25,5060.00,0.0000
Medium,Config_B,9,540,5154.75,5060.00,0.0000
Medium,Config_B,10,600,4988.50,5047.50,0.0000
Medium,Config_B,11,660,4840.50,5047.50,0.0000
Medium,Config_B,12,720,4641.75,5020.00,0.0000
Medium,Config_B,13,780,4438.75,4537.50,0.0000
Medium,Config_B,14,840,4242.00,4062.50,0.0000
Medium,Config_B,15,900,4142.50,4050.00,0.0000
Medium,Config_B,16,960,4043.75,4042.50,0.0000
Medium,Config_B,17,1020,3895.50,4030.00,0.0000
Medium,Config_B,18,1080,3689.75,4022.50,0.0000
Medium,Config_B,19,1140,3638.25,3542.50,0.0000
Medium,Config_B,20,1200,3536.25,3535.00,0.0000
Medium,Config_B,21,1260,3334.75,3055.00,0.0000
Medium,Config_B,22,1320,3136.50,3055.00,0.0000
Medium,Config_B,23,1380,3038.75,3045.00,0.0000
Medium,Config_B,24,1440,2940.00,3037.50,0.0000
Medium,Config_B,25,1500,2890.00,3037.50,0.0000
Medium,Config_B,26,1560,2837.00,3030.00,0.0000
Medium,Config_B,27,1620,2786.25,3030.00,0.0000
Medium,Config_B,28,1680,2738.25,3022.50,0.0000
Medium,Config_B,29,1740,2637.75,3015.00,0.0000
Medium,Config_B,30,1800,2537.75,2550.00,0.0000
Medium,Config_B,31,1860,2536.00,2547.50,0.0000
Medium,Config_B,32,1920,2482.75,2535.00,0.0000
Medium,Config_B,33,1980,2379.50,2052.50,0.0000
Medium,Config_B,34,2040,2281.75,2052.50,0.0000
Medium,Config_B,35,2100,2278.50,2052.50,0.0000
Medium,Config_B,36,2160,2228.50,2052.50,0.0000
Medium,Config_B,37,2220,2228.50,2052.50,0.0000
Medium,Config_B,38,2280,2134.00,2050.00,0.0000
Medium,Config_B,39,2340,2036.00,2040.00,0.0000
Medium,Config_B,40,2400,2033.00,2035.00,0.0000
Medium,Config_B,41,2460,1982.75,2035.00,0.0008
Medium,Config_B,42,2520,1931.75,2030.00,0.0008
Medium,Config_B,43,2580,1930.50,2030.00,0.0017
Medium,Config_B,44,2640,1882.00,2022.50,0.0008
Medium,Config_B,45,2700,1783.00,2022.50,0.0008
Medium,Config_B,46,2760,1680.75,2015.00,0.0017
Medium,Config_B,47,2820,1631.75,2015.00,0.0017
Medium,Config_B,48,2880,1631.75,2015.00,0.0017
Medium,Config_B,49,2940,1631.75,2015.00,0.0017
Medium,Config_B,50,3000,1631.75,2015.00,0.0025
Medium,Config_B,51,3060,1631.00,2015.00,0.0017
Medium,Config_B,52,3120,1629.00,2015.00,0.0017
Medium,Config_B,53,3180,1629.00,2015.00,0.0017
Medium,Config_B,54,3240,1578.25,2012.50,0.0017
Medium,Config_B,55,3300,1578.25,2012.50,0.0025
Medium,Config_B,56,3360,1578.25,2012.50,0.0017
Medium,Config_B,57,3420,1480.25,1530.00,0.0025
Medium,Config_B,58,3480,1475.75,1520.00,0.0017
Medium,Config_B,59,3540,1475.75,1520.00,0.0017
Medium,Config_B,60,3600,1475.75,1520.00,0.0025
Medium,Config_B,61,3660,1475.50,1520.00,0.0017
Medium,Config_B,62,3720,1473.50,1515.00,0.0033
Medium,Config_B,63,3780,1472.75,1515.00,0.0025
Medium,Config_B,64,3840,1469.75,1515.00,0.0017
Medium,Config_B,65,3900,1469.75,1515.00,0.0017
Medium,Config_B,66,3960,1469.75,1515.00,0.0017
Medium,Config_B,67,4020,1469.00,1515.00,0.0025
Medium,Config_B,68,4080,1418.25,1515.00,0.0017
Medium,Config_B,69,4140,1418.25,1515.00,0.0017
Medium,Config_B,70,4200,1370.50,1042.50,0.0017
Medium,Config_B,71,4260,1370.50,1042.50,0.0017
Medium,Config_B,72,4320,1369.75,1042.50,0.0025
Medium,Config_B,73,4380,1368.50,1042.50,0.0017
Medium,Config_B,74,4440,1368.25,1042.50,0.0033
Medium,Config_B,75,4500,1366.50,1042.50,0.0042
Medium,Config_B,76,4560,1266.50,1027.50,0.0025
Medium,Config_B,77,4620,1266.50,1027.50,0.0025
Medium,Config_B,78,4680,1266.50,1027.50,0.0025
Medium,Config_B,79,4740,1266.50,1027.50,0.0025
Medium,Config_B,80,4800,1216.50,1027.50,0.0042
Medium,Config_B,81,4860,1216.50,1027.50,0.0042
Medium,Config_B,82,4920,1216.25,1027.50,0.0042
Medium,Config_B,83,4980,1216.25,1027.50,0.0050
Medium,Config_B,84,5040,1216.25,1027.50,0.0042
Medium,Config_B,85,5100,1215.50,1027.50,0.0042
Medium,Config_B,86,5160,1214.75,1027.50,0.0042
Medium,Config_B,87,5220,1164.75,1020.00,0.0033
Medium,Config_B,88,5280,1067.50,1015.00,0.0042
Medium,Config_B,89,5340,1067.50,1015.00,0.0042
Medium,Config_B,90,5400,1067.50,1015.00,0.0050
Medium,Config_B,91,5460,1015.75,1015.00,0.0058
Medium,Config_B,92,5520,1015.75,1015.00,0.0067
Medium,Config_B,93,5580,1015.75,1015.00,0.0042
Medium,Config_B,94,5640,915.25,1007.50,0.0067
Medium,Config_B,95,5700,915.25,1007.50,0.0075
Medium,Config_B,96,5760,867.00,1007.50,0.0075
Medium,Config_B,97,5820,867.00,1007.50,0.0058
Medium,Config_B,98,5880,867.00,1007.50,0.0067
Medium,Config_B,99,5940,866.00,1005.00,0.0075
Medium,Config_B,100,6000,866.00,1005.00,0.0075
Medium,Config_C,1,100,9884.25,10030.00,0.0000
Medium,Config_C,2,200,9096.75,9050.00,0.0000
Medium,Config_C,3,300,7887.75,8025.00,0.0000
Medium,Config_C,4,400,7100.50,7042.50,0.0000
Medium,Config_C,5,500,6339.75,6057.50,0.0000
Medium,Config_C,6,600,5589.25,5062.50,0.0000
Medium,Config_C,7,700,4734.75,5020.00,0.0000
Medium,Config_C,8,800,4340.75,4052.50,0.0000
Medium,Config_C,9,900,3736.50,4005.00,0.0000
Medium,Config_C,10,1000,3434.75,3542.50,0.0000
Medium,Config_C,11,1100,2992.00,3050.00,0.0000
Medium,Config_C,12,1200,2546.00,2550.00,0.0005
Medium,Config_C,13,1300,2340.75,2062.50,0.0010
Medium,Config_C,14,1400,2140.25,2055.00,0.0015
Medium,Config_C,15,1500,1780.75,2015.00,0.0035
Medium,Config_C,16,1600,1433.25,1052.50,0.0070
Medium,Config_C,17,1700,1328.00,1035.00,0.0070
Medium,Config_C,18,1800,1227.00,1015.00,0.0100
Medium,Config_C,19,1900,1124.25,1015.00,0.0150
Medium,Config_C,20,2000,968.25,1015.00,0.0240
Medium,Config_C,21,2100,675.25,537.50,0.0325
Medium,Config_C,22,2200,523.00,42.50,0.0430
Medium,Config_C,23,2300,370.50,30.00,0.0515
Medium,Config_C,24,2400,266.25,25.00,0.0590
Medium,Config_C,25,2500,263.00,15.00,0.0720
Medium,Config_C,26,2600,210.25,15.00,0.0805
Medium,Config_C,27,2700,159.75,7.50,0.0845
Medium,Config_C,28,2800,158.00,0.00,0.0915
Medium,Config_C,29,2900,107.75,0.00,0.0930
Medium,Config_C,30,3000,107.25,0.00,0.0915
Medium,Config_C,31,3100,105.50,0.00,0.0955
Medium,Config_C,32,3200,104.75,0.00,0.1040
Medium,Config_C,33,3300,104.00,0.00,0.1090
Medium,Config_C,34,3400,103.25,0.00,0.1105
Medium,Config_C,35,3500,103.25,0.00,0.1135
Medium,Config_C,36,3600,102.75,0.00,0.1105
Medium,Config_C,37,3700,52.75,0.00,0.1150
Medium,Config_C,38,3800,52.25,0.00,0.1180
Medium,Config_C,39,3900,51.50,0.00,0.1185
Medium,Config_C,40,4000,51.50,0.00,0.1195
Medium,Config_C,41,4100,51.50,0.00,0.1200
Medium,Config_C,42,4200,51.50,0.00,0.1200
Medium,Config_C,43,4300,51.25,0.00,0.1240
Medium,Config_C,44,4400,51.25,0.00,0.1235
Medium,Config_C,45,4500,50.75,0.00,0.1235
Medium,Config_C,46,4600,2.25,0.00,0.1230
Medium,Config_C,47,4700,0.75,0.00,0.1260
Medium,Config_C,48,4800,0.75,0.00,0.1255
Medium,Config_C,49,4900,0.75,0.00,0.1245
Medium,Config_C,50,5000,0.75,0.00,0.1265
Medium,Config_C,51,5100,0.75,0.00,0.1255
Medium,Config_C,52,5200,0.75,0.00,0.1275
Medium,Config_C,53,5300,0.75,0.00,0.1325
Medium,Config_C,54,5400,0.75,0.00,0.1290
Medium,Config_C,55,5500,0.75,0.00,0.1270
Medium,Config_C,56,5600,0.00,0.00,0.1280
Medium,Config_C,57,5700,0.00,0.00,0.1280
Medium,Config_C,58,5800,0.00,0.00,0.1280
Medium,Config_C,59,5900,0.00,0.00,0.1280
Medium,Config_C,60,6000,0.00,0.00,0.1280
Medium,Config_D,1,20,11616.00,11582.50,0.0000
Medium,Config_D,2,40,10458.00,11030.00,0.0000
Medium,Config_D,3,60,10050.25,10050.00,0.0000
Medium,Config_D,4,80,9439.00,9527.50,0.0000
Medium,Config_D,5,100,9439.00,9527.50,0.0000
Medium,Config_D,6,120,9184.00,9032.50,0.0000
Medium,Config_D,7,140,8792.50,9022.50,0.0000
Medium,Config_D,8,160,8594.75,9007.50,0.0000
Medium,Config_D,9,180,8443.00,8545.00,0.0000
Medium,Config_D,10,200,8148.50,8065.00,0.0000
Medium,Config_D,11,220,7997.00,8047.50,0.0000
Medium,Config_D,12,240,7945.75,8047.50,0.0000
Medium,Config_D,13,260,7897.25,8045.00,0.0000
Medium,Config_D,14,280,7796.75,8037.50,0.0000
Medium,Config_D,15,300,7652.50,8030.00,0.0000
Medium,Config_D,16,320,7652.50,8030.00,0.0000
Medium,Config_D,17,340,7652.00,8030.00,0.0000
Medium,Config_D,18,360,7652.00,8030.00,0.0000
Medium,Config_D,19,380,7652.00,8030.00,0.0000
Medium,Config_D,20,400,7651.75,8030.00,0.0000
Medium,Config_D,21,420,7344.00,7082.50,0.0000
Medium,Config_D,22,440,7342.50,7082.50,0.0000
Medium,Config_D,23,460,7248.00,7082.50,0.0000
Medium,Config_D,24,480,7247.75,7082.50,0.0000
Medium,Config_D,25,500,7146.00,7070.00,0.0000
Medium,Config_D,26,520,7146.00,7070.00,0.0000
Medium,Config_D,27,540,6999.00,7052.50,0.0000
Medium,Config_D,28,560,6898.75,7047.50,0.0000
Medium,Config_D,29,580,6850.50,7047.50,0.0000
Medium,Config_D,30,600,6850.50,7047.50,0.0000
Medium,Config_D,31,620,6752.75,7047.50,0.0000
Medium,Config_D,32,640,6703.50,7040.00,0.0000
Medium,Config_D,33,660,6703.50,7040.00,0.0000
Medium,Config_D,34,680,6703.50,7040.00,0.0000
Medium,Config_D,35,700,6702.00,7040.00,0.0000
Medium,Config_D,36,720,6699.00,7037.50,0.0000
Medium,Config_D,37,740,6598.50,7022.50,0.0000
Medium,Config_D,38,760,6502.00,6555.00,0.0000
Medium,Config_D,39,780,6399.50,6077.50,0.0000
Medium,Config_D,40,800,6399.50,6077.50,0.0000
Medium,Config_D,41,820,6399.50,6077.50,0.0000
Medium,Config_D,42,840,6398.75,6077.50,0.0000
Medium,Config_D,43,860,6350.00,6077.50,0.0000
Medium,Config_D,44,880,6350.00,6077.50,0.0000
Medium,Config_D,45,900,6350.00,6077.50,0.0000
Medium,Config_D,46,920,6350.00,6077.50,0.0000
Medium,Config_D,47,940,6349.25,6077.50,0.0000
Medium,Config_D,48,960,6348.25,6077.50,0.0000
Medium,Config_D,49,980,6299.50,6077.50,0.0000
Medium,Config_D,50,1000,6299.50,6077.50,0.0000
Medium,Config_D,51,1020,6299.50,6077.50,0.0000
Medium,Config_D,52,1040,6299.50,6077.50,0.0000
Medium,Config_D,53,1060,6299.50,6077.50,0.0000
Medium,Config_D,54,1080,6254.25,6077.50,0.0000
Medium,Config_D,55,1100,6251.50,6077.50,0.0000
Medium,Config_D,56,1120,6251.50,6077.50,0.0000
Medium,Config_D,57,1140,6200.00,6060.00,0.0000
Medium,Config_D,58,1160,6196.00,6060.00,0.0000
Medium,Config_D,59,1180,6193.00,6060.00,0.0000
Medium,Config_D,60,1200,6193.00,6060.00,0.0000
Medium,Config_D,61,1220,6193.00,6060.00,0.0000
Medium,Config_D,62,1240,6192.75,6060.00,0.0000
Medium,Config_D,63,1260,6192.75,6060.00,0.0000
Medium,Config_D,64,1280,6192.75,6060.00,0.0000
Medium,Config_D,65,1300,6192.75,6060.00,0.0000
Medium,Config_D,66,1320,6192.00,6060.00,0.0000
Medium,Config_D,67,1340,6192.00,6060.00,0.0000
Medium,Config_D,68,1360,6192.00,6060.00,0.0000
Medium,Config_D,69,1380,6192.00,6060.00,0.0000
Medium,Config_D,70,1400,6192.00,6060.00,0.0000
Medium,Config_D,71,1420,6191.75,6060.00,0.0000
Medium,Config_D,72,1440,6191.75,6060.00,0.0000
Medium,Config_D,73,1460,6093.25,6042.50,0.0000
Medium,Config_D,74,1480,6093.25,6042.50,0.0000
Medium,Config_D,75,1500,6093.25,6042.50,0.0000
Medium,Config_D,76,1520,6093.25,6042.50,0.0000
Medium,Config_D,77,1540,6093.25,6042.50,0.0000
Medium,Config_D,78,1560,6091.25,6042.50,0.0000
Medium,Config_D,79,1580,6091.25,6042.50,0.0000
Medium,Config_D,80,1600,6091.25,6042.50,0.0000
Medium,Config_D,81,1620,6091.25,6042.50,0.0000
Medium,Config_D,82,1640,6091.25,6042.50,0.0000
Medium,Config_D,83,1660,6043.00,6042.50,0.0000
Medium,Config_D,84,1680,6043.00,6042.50,0.0000
Medium,Config_D,85,1700,6043.00,6042.50,0.0000
Medium,Config_D,86,1720,6043.00,6042.50,0.0000
Medium,Config_D,87,1740,5994.50,6042.50,0.0000
Medium,Config_D,88,1760,5992.50,6042.50,0.0000
Medium,Config_D,89,1780,5991.75,6042.50,0.0000
Medium,Config_D,90,1800,5991.75,6042.50,0.0000
Medium,Config_D,91,1820,5991.75,6042.50,0.0000
Medium,Config_D,92,1840,5991.50,6042.50,0.0000
Medium,Config_D,93,1860,5991.50,6042.50,0.0000
Medium,Config_D,94,1880,5991.50,6042.50,0.0000
Medium,Config_D,95,1900,5893.25,6035.00,0.0000
Medium,Config_D,96,1920,5893.25,6035.00,0.0000
Medium,Config_D,97,1940,5893.25,6035.00,0.0000
Medium,Config_D,98,1960,5893.25,6035.00,0.0000
Medium,Config_D,99,1980,5893.25,6035.00,0.0000
Medium,Config_D,100,2000,5893.00,6035.00,0.0000
Medium,Config_D,101,2020,5847.75,6035.00,0.0000
Medium,Config_D,102,2040,5847.75,6035.00,0.0000
Medium,Config_D,103,2060,5847.75,6035.00,0.0000
Medium,Config_D,104,2080,5847.75,6035.00,0.0000
Medium,Config_D,105,2100,5847.75,6035.00,0.0000
Medium,Config_D,106,2120,5847.75,6035.00,0.0000
Medium,Config_D,107,2140,5847.75,6035.00,0.0000
Medium,Config_D,108,2160,5847.75,6035.00,0.0000
Medium,Config_D,109,2180,5847.75,6035.00,0.0000
Medium,Config_D,110,2200,5847.75,6035.00,0.0000
Medium,Config_D,111,2220,5847.75,6035.00,0.0000
Medium,Config_D,112,2240,5847.75,6035.00,0.0000
Medium,Config_D,113,2260,5801.00,6035.00,0.0000
Medium,Config_D,114,2280,5801.00,6035.00,0.0000
Medium,Config_D,115,2300,5801.00,6035.00,0.0000
Medium,Config_D,116,2320,5801.00,6035.00,0.0000
Medium,Config_D,117,2340,5801.00,6035.00,0.0000
Medium,Config_D,118,2360,5801.00,6035.00,0.0000
Medium,Config_D,119,2380,5801.00,6035.00,0.0000
Medium,Config_D,120,2400,5801.00,6035.00,0.0000
Medium,Config_D,121,2420,5801.00,6035.00,0.0000
Medium,Config_D,122,2440,5801.00,6035.00,0.0000
Medium,Config_D,123,2460,5801.00,6035.00,0.0000
Medium,Config_D,124,2480,5801.00,6035.00,0.0000
Medium,Config_D,125,2500,5801.00,6035.00,0.0000
Medium,Config_D,126,2520,5801.00,6035.00,0.0000
Medium,Config_D,127,2540,5800.75,6035.00,0.0000
Medium,Config_D,128,2560,5800.75,6035.00,0.0000
Medium,Config_D,129,2580,5800.75,6035.00,0.0000
Medium,Config_D,130,2600,5800.75,6035.00,0.0000
Medium,Config_D,131,2620,5800.75,6035.00,0.0000
Medium,Config_D,132,2640,5800.75,6035.00,0.0000
Medium,Config_D,133,2660,5800.75,6035.00,0.0000
Medium,Config_D,134,2680,5800.75,6035.00,0.0000
Medium,Config_D,135,2700,5800.75,6035.00,0.0000
Medium,Config_D,136,2720,5800.75,6035.00,0.0000
Medium,Config_D,137,2740,5800.75,6035.00,0.0000
Medium,Config_D,138,2760,5800.75,6035.00,0.0000
Medium,Config_D,139,2780,5800.25,6035.00,0.0000
Medium,Config_D,140,2800,5797.75,6035.00,0.0000
Medium,Config_D,141,2820,5797.75,6035.00,0.0000
Medium,Config_D,142,2840,5747.25,6030.00,0.0000
Medium,Config_D,143,2860,5745.00,6030.00,0.0000
Medium,Config_D,144,2880,5745.00,6030.00,0.0000
Medium,Config_D,145,2900,5745.00,6030.00,0.0000
Medium,Config_D,146,2920,5745.00,6030.00,0.0000
Medium,Config_D,147,2940,5742.00,6015.00,0.0000
Medium,Config_D,148,2960,5742.00,6015.00,0.0000
Medium,Config_D,149,2980,5742.00,6015.00,0.0000
Medium,Config_D,150,3000,5742.00,6015.00,0.0000
Medium,Config_D,151,3020,5742.00,6015.00,0.0000
Medium,Config_D,152,3040,5742.00,6015.00,0.0000
Medium,Config_D,153,3060,5742.00,6015.00,0.0000
Medium,Config_D,154,3080,5742.00,6015.00,0.0000
Medium,Config_D,155,3100,5742.00,6015.00,0.0000
Medium,Config_D,156,3120,5742.00,6015.00,0.0000
Medium,Config_D,157,3140,5742.00,6015.00,0.0000
Medium,Config_D,158,3160,5691.25,6015.00,0.0000
Medium,Config_D,159,3180,5691.25,6015.00,0.0000
Medium,Config_D,160,3200,5691.25,6015.00,0.0000
Medium,Config_D,161,3220,5691.25,6015.00,0.0000
Medium,Config_D,162,3240,5691.25,6015.00,0.0000
Medium,Config_D,163,3260,5691.25,6015.00,0.0000
Medium,Config_D,164,3280,5691.25,6015.00,0.0000
Medium,Config_D,165,3300,5691.25,6015.00,0.0000
Medium,Config_D,166,3320,5691.25,6015.00,0.0000
Medium,Config_D,167,3340,5691.25,6015.00,0.0000
Medium,Config_D,168,3360,5691.25,6015.00,0.0000
Medium,Config_D,169,3380,5691.25,6015.00,0.0000
Medium,Config_D,170,3400,5691.25,6015.00,0.0000
Medium,Config_D,171,3420,5691.25,6015.00,0.0000
Medium,Config_D,172,3440,5691.25,6015.00,0.0000
Medium,Config_D,173,3460,5691.25,6015.00,0.0000
Medium,Config_D,174,3480,5691.25,6015.00,0.0000
Medium,Config_D,175,3500,5691.25,6015.00,0.0000
Medium,Config_D,176,3520,5691.25,6015.00,0.0000
Medium,Config_D,177,3540,5691.25,6015.00,0.0000
Medium,Config_D,178,3560,5691.00,6012.50,0.0000
Medium,Config_D,179,3580,5691.00,6012.50,0.0000
Medium,Config_D,180,3600,5644.00,6012.50,0.0000
Medium,Config_D,181,3620,5644.00,6012.50,0.0000
Medium,Config_D,182,3640,5593.50,5572.50,0.0000
Medium,Config_D,183,3660,5593.50,5572.50,0.0000
Medium,Config_D,184,3680,5547.25,5572.50,0.0000
Medium,Config_D,185,3700,5547.25,5572.50,0.0000
Medium,Config_D,186,3720,5547.25,5572.50,0.0000
Medium,Config_D,187,3740,5547.25,5572.50,0.0000
Medium,Config_D,188,3760,5545.00,5572.50,0.0000
Medium,Config_D,189,3780,5545.00,5572.50,0.0000
Medium,Config_D,190,3800,5543.50,5572.50,0.0000
Medium,Config_D,191,3820,5543.50,5572.50,0.0000
Medium,Config_D,192,3840,5543.50,5572.50,0.0000
Medium,Config_D,193,3860,5495.00,5130.00,0.0000
Medium,Config_D,194,3880,5495.00,5130.00,0.0000
Medium,Config_D,195,3900,5495.00,5130.00,0.0000
Medium,Config_D,196,3920,5495.00,5130.00,0.0000
Medium,Config_D,197,3940,5495.00,5130.00,0.0000
Medium,Config_D,198,3960,5495.00,5130.00,0.0000
Medium,Config_D,199,3980,5495.00,5130.00,0.0000
Medium,Config_D,200,4000,5447.25,5100.00,0.0000
Medium,Config_D,201,4020,5349.00,5072.50,0.0000
Medium,Config_D,202,4040,5349.00,5072.50,0.0000
Medium,Config_D,203,4060,5349.00,5072.50,0.0000
Medium,Config_D,204,4080,5349.00,5072.50,0.0000
Medium,Config_D,205,4100,5349.00,5072.50,0.0000
Medium,Config_D,206,4120,5349.00,5072.50,0.0000
Medium,Config_D,207,4140,5349.00,5072.50,0.0000
Medium,Config_D,208,4160,5349.00,5072.50,0.0000
Medium,Config_D,209,4180,5349.00,5072.50,0.0000
Medium,Config_D,210,4200,5349.00,5072.50,0.0000
Medium,Config_D,211,4220,5349.00,5072.50,0.0000
Medium,Config_D,212,4240,5349.00,5072.50,0.0000
Medium,Config_D,213,4260,5349.00,5072.50,0.0000
Medium,Config_D,214,4280,5349.00,5072.50,0.0000
Medium,Config_D,215,4300,5349.00,5072.50,0.0000
Medium,Config_D,216,4320,5349.00,5072.50,0.0000
Medium,Config_D,217,4340,5349.00,5072.50,0.0000
Medium,Config_D,218,4360,5347.25,5072.50,0.0000
Medium,Config_D,219,4380,5347.25,5072.50,0.0000
Medium,Config_D,220,4400,5298.25,5060.00,0.0000
Medium,Config_D,221,4420,5298.25,5060.00,0.0000
Medium,Config_D,222,4440,5202.50,5057.50,0.0000
Medium,Config_D,223,4460,5202.50,5057.50,0.0000
Medium,Config_D,224,4480,5202.50,5057.50,0.0000
Medium,Config_D,225,4500,5202.50,5057.50,0.0000
Medium,Config_D,226,4520,5202.50,5057.50,0.0000
Medium,Config_D,227,4540,5202.50,5057.50,0.0000
Medium,Config_D,228,4560,5202.50,5057.50,0.0000
Medium,Config_D,229,4580,5202.50,5057.50,0.0000
Medium,Config_D,230,4600,5202.50,5057.50,0.0000
Medium,Config_D,231,4620,5202.50,5057.50,0.0000
Medium,Config_D,232,4640,5202.50,5057.50,0.0000
Medium,Config_D,233,4660,5202.50,5057.50,0.0000
Medium,Config_D,234,4680,5201.00,5052.50,0.0000
Medium,Config_D,235,4700,5201.00,5052.50,0.0000
Medium,Config_D,236,4720,5201.00,5052.50,0.0000
Medium,Config_D,237,4740,5102.00,5045.00,0.0000
Medium,Config_D,238,4760,5102.00,5045.00,0.0000
Medium,Config_D,239,4780,5099.00,5042.50,0.0000
Medium,Config_D,240,4800,5099.00,5042.50,0.0000
Medium,Config_D,241,4820,5099.00,5042.50,0.0000
Medium,Config_D,242,4840,5099.00,5042.50,0.0000
Medium,Config_D,243,4860,5099.00,5042.50,0.0000
Medium,Config_D,244,4880,5099.00,5042.50,0.0000
Medium,Config_D,245,4900,5001.75,5037.50,0.0000
Medium,Config_D,246,4920,4948.75,5037.50,0.0000
Medium,Config_D,247,4940,4948.75,5037.50,0.0000
Medium,Config_D,248,4960,4948.75,5037.50,0.0000
Medium,Config_D,249,4980,4948.75,5037.50,0.0000
Medium,Config_D,250,5000,4901.25,5037.50,0.0000
Medium,Config_D,251,5020,4901.25,5037.50,0.0000
Medium,Config_D,252,5040,4901.25,5037.50,0.0000
Medium,Config_D,253,5060,4901.25,5037.50,0.0000
Medium,Config_D,254,5080,4901.25,5037.50,0.0000
Medium,Config_D,255,5100,4901.25,5037.50,0.0000
Medium,Config_D,256,5120,4901.25,5037.50,0.0000
Medium,Config_D,257,5140,4901.25,5037.50,0.0000
Medium,Config_D,258,5160,4901.25,5037.50,0.0000
Medium,Config_D,259,5180,4901.25,5037.50,0.0000
Medium,Config_D,260,5200,4901.25,5037.50,0.0000
Medium,Config_D,261,5220,4901.25,5037.50,0.0000
Medium,Config_D,262,5240,4901.25,5037.50,0.0000
Medium,Config_D,263,5260,4901.25,5037.50,0.0000
Medium,Config_D,264,5280,4901.25,5037.50,0.0000
Medium,Config_D,265,5300,4901.25,5037.50,0.0000
Medium,Config_D,266,5320,4901.25,5037.50,0.0000
Medium,Config_D,267,5340,4901.25,5037.50,0.0000
Medium,Config_D,268,5360,4901.25,5037.50,0.0000
Medium,Config_D,269,5380,4901.25,5037.50,0.0000
Medium,Config_D,270,5400,4901.25,5037.50,0.0000
Medium,Config_D,271,5420,4901.25,5037.50,0.0000
Medium,Config_D,272,5440,4901.25,5037.50,0.0000
Medium,Config_D,273,5460,4901.25,5037.50,0.0000
Medium,Config_D,274,5480,4901.25,5037.50,0.0000
Medium,Config_D,275,5500,4901.25,5037.50,0.0000
Medium,Config_D,276,5520,4901.25,5037.50,0.0000
Medium,Config_D,277,5540,4901.25,5037.50,0.0000
Medium,Config_D,278,5560,4901.25,5037.50,0.0000
Medium,Config_D,279,5580,4901.25,5037.50,0.0000
Medium,Config_D,280,5600,4901.25,5037.50,0.0000
Medium,Config_D,281,5620,4901.25,5037.50,0.0000
Medium,Config_D,282,5640,4901.25,5037.50,0.0000
Medium,Config_D,283,5660,4901.25,5037.50,0.0000
Medium,Config_D,284,5680,4901.25,5037.50,0.0000
Medium,Config_D,285,5700,4901.25,5037.50,0.0000
Medium,Config_D,286,5720,4901.25,5037.50,0.0000
Medium,Config_D,287,5740,4901.25,5037.50,0.0000
Medium,Config_D,288,5760,4901.25,5037.50,0.0000
Medium,Config_D,289,5780,4901.25,5037.50,0.0000
Medium,Config_D,290,5800,4901.25,5037.50,0.0000
Medium,Config_D,291,5820,4901.25,5037.50,0.0000
Medium,Config_D,292,5840,4901.25,5037.50,0.0000
Medium,Config_D,293,5860,4901.25,5037.50,0.0000
Medium,Config_D,294,5880,4901.25,5037.50,0.0000
Medium,Config_D,295,5900,4901.25,5037.50,0.0000
Medium,Config_D,296,5920,4901.25,5037.50,0.0000
Medium,Config_D,297,5940,4901.25,5037.50,0.0000
Medium,Config_D,298,5960,4901.25,5037.50,0.0000
Medium,Config_D,299,5980,4901.25,5037.50,0.0000
Medium,Config_D,300,6000,4901.25,5037.50,0.0000
Medium,Config_E,1,40,10695.75,10537.50,0.0000
Medium,Config_E,2,80,14.00,15.00,0.2662
Medium,Config_E,3,120,12.25,12.50,0.3775
Medium,Config_E,4,160,9.75,10.00,0.4350
Medium,Config_E,5,200,6.00,0.00,0.4562
Medium,Config_E,6,240,5.25,0.00,0.4525
Medium,Config_E,7,280,3.75,0.00,0.4588
Medium,Config_E,8,320,3.00,0.00,0.4750
Medium,Config_E,9,360,1.75,0.00,0.4650
Medium,Config_E,10,400,1.00,0.00,0.4625
Medium,Config_E,11,440,0.50,0.00,0.4763
Medium,Config_E,12,480,0.50,0.00,0.4775
Medium,Config_E,13,520,0.50,0.00,0.4763
Medium,Config_E,14,560,0.00,0.00,0.4775
Medium,Config_E,15,600,0.00,0.00,0.4775
Medium,Config_E,16,640,0.00,0.00,0.4775
Medium,Config_E,17,680,0.00,0.00,0.4775
Medium,Config_E,18,720,0.00,0.00,0.4775
Medium,Config_E,19,760,0.00,0.00,0.4775
Medium,Config_E,20,800,0.00,0.00,0.4775
Medium,Config_E,21,840,0.00,0.00,0.4775
Medium,Config_E,22,880,0.00,0.00,0.4775
Medium,Config_E,23,920,0.00,0.00,0.4775
Medium,Config_E,24,960,0.00,0.00,0.4775
Medium,Config_E,25,1000,0.00,0.00,0.4775
Medium,Config_E,26,1040,0.00,0.00,0.4775
Medium,Config_E,27,1080,0.00,0.00,0.4775
Medium,Config_E,28,1120,0.00,0.00,0.4775
Medium,Config_E,29,1160,0.00,0.00,0.4775
Medium,Config_E,30,1200,0.00,0.00,0.4775
Medium,Config_E,31,1240,0.00,0.00,0.4775
Medium,Config_E,32,1280,0.00,0.00,0.4775
Medium,Config_E,33,1320,0.00,0.00,0.4775
Medium,Config_E,34,1360,0.00,0.00,0.4775
Medium,Config_E,35,1400,0.00,0.00,0.4775
Medium,Config_E,36,1440,0.00,0.00,0.4775
Medium,Config_E,37,1480,0.00,0.00,0.4775
Medium,Config_E,38,1520,0.00,0.00,0.4775
Medium,Config_E,39,1560,0.00,0.00,0.4775
Medium,Config_E,40,1600,0.00,0.00,0.4775
Medium,Config_E,41,1640,0.00,0.00,0.4775
Medium,Config_E,42,1680,0.00,0.00,0.4775
Medium,Config_E,43,1720,0.00,0.00,0.4775
Medium,Config_E,44,1760,0.00,0.00,0.4775
Medium,Config_E,45,1800,0.00,0.00,0.4775
Medium,Config_E,46,1840,0.00,0.00,0.4775
Medium,Config_E,47,1880,0.00,0.00,0.4775
Medium,Config_E,48,1920,0.00,0.00,0.4775
Medium,Config_E,49,1960,0.00,0.00,0.4775
Medium,Config_E,50,2000,0.00,0.00,0.4775
Medium,Config_E,51,2040,0.00,0.00,0.4775
Medium,Config_E,52,2080,0.00,0.00,0.4775
Medium,Config_E,53,2120,0.00,0.00,0.4775
Medium,Config_E,54,2160,0.00,0.00,0.4775
Medium,Config_E,55,2200,0.00,0.00,0.4775
Medium,Config_E,56,2240,0.00,0.00,0.4775
Medium,Config_E,57,2280,0.00,0.00,0.4775
Medium,Config_E,58,2320,0.00,0.00,0.4775
Medium,Config_E,59,2360,0.00,0.00,0.4775
Medium,Config_E,60,2400,0.00,0.00,0.4775
Medium,Config_E,61,2440,0.00,0.00,0.4775
Medium,Config_E,62,2480,0.00,0.00,0.4775
Medium,Config_E,63,2520,0.00,0.00,0.4775
Medium,Config_E,64,2560,0.00,0.00,0.4775
Medium,Config_E,65,2600,0.00,0.00,0.4775
Medium,Config_E,66,2640,0.00,0.00,0.4775
Medium,Config_E,67,2680,0.00,0.00,0.4775
Medium,Config_E,68,2720,0.00,0.00,0.4775
Medium,Config_E,69,2760,0.00,0.00,0.4775
Medium,Config_E,70,2800,0.00,0.00,0.4775
Medium,Config_E,71,2840,0.00,0.00,0.4775
Medium,Config_E,72,2880,0.00,0.00,0.4775
Medium,Config_E,73,2920,0.00,0.00,0.4775
Medium,Config_E,74,2960,0.00,0.00,0.4775
Medium,Config_E,75,3000,0.00,0.00,0.4775
Medium,Config_E,76,3040,0.00,0.00,0.4775
Medium,Config_E,77,3080,0.00,0.00,0.4775
Medium,Config_E,78,3120,0.00,0.00,0.4775
Medium,Config_E,79,3160,0.00,0.00,0.4775
Medium,Config_E,80,3200,0.00,0.00,0.4775
Medium,Config_E,81,3240,0.00,0.00,0.4775
Medium,Config_E,82,3280,0.00,0.00,0.4775
Medium,Config_E,83,3320,0.00,0.00,0.4775
Medium,Config_E,84,3360,0.00,0.00,0.4775
Medium,Config_E,85,3400,0.00,0.00,0.4775
Medium,Config_E,86,3440,0.00,0.00,0.4775
Medium,Config_E,87,3480,0.00,0.00,0.4775
Medium,Config_E,88,3520,0.00,0.00,0.4775
Medium,Config_E,89,3560,0.00,0.00,0.4775
Medium,Config_E,90,3600,0.00,0.00,0.4775
Medium,Config_E,91,3640,0.00,0.00,0.4775
Medium,Config_E,92,3680,0.00,0.00,0.4775
Medium,Config_E,93,3720,0.00,0.00,0.4775
Medium,Config_E,94,3760,0.00,0.00,0.4775
Medium,Config_E,95,3800,0.00,0.00,0.4775
Medium,Config_E,96,3840,0.00,0.00,0.4775
Medium,Config_E,97,3880,0.00,0.00,0.4775
Medium,Config_E,98,3920,0.00,0.00,0.4775
Medium,Config_E,99,3960,0.00,0.00,0.4775
Medium,Config_E,100,4000,0.00,0.00,0.4775
Medium,Config_E,101,4040,0.00,0.00,0.4775
Medium,Config_E,102,4080,0.00,0.00,0.4775
Medium,Config_E,103,4120,0.00,0.00,0.4775
Medium,Config_E,104,4160,0.00,0.00,0.4775
Medium,Config_E,105,4200,0.00,0.00,0.4775
Medium,Config_E,106,4240,0.00,0.00,0.4775
Medium,Config_E,107,4280,0.00,0.00,0.4775
Medium,Config_E,108,4320,0.00,0.00,0.4775
Medium,Config_E,109,4360,0.00,0.00,0.4775
Medium,Config_E,110,4400,0.00,0.00,0.4775
Medium,Config_E,111,4440,0.00,0.00,0.4775
Medium,Config_E,112,4480,0.00,0.00,0.4775
Medium,Config_E,113,4520,0.00,0.00,0.4775
Medium,Config_E,114,4560,0.00,0.00,0.4775
Medium,Config_E,115,4600,0.00,0.00,0.4775
Medium,Config_E,116,4640,0.00,0.00,0.4775
Medium,Config_E,117,4680,0.00,0.00,0.4775
Medium,Config_E,118,4720,0.00,0.00,0.4775
Medium,Config_E,119,4760,0.00,0.00,0.4775
Medium,Config_E,120,4800,0.00,0.00,0.4775
Medium,Config_E,121,4840,0.00,0.00,0.4775
Medium,Config_E,122,4880,0.00,0.00,0.4775
Medium,Config_E,123,4920,0.00,0.00,0.4775
Medium,Config_E,124,4960,0.00,0.00,0.4775
Medium,Config_E,125,5000,0.00,0.00,0.4775
Medium,Config_E,126,5040,0.00,0.00,0.4775
Medium,Config_E,127,5080,0.00,0.00,0.4775
Medium,Config_E,128,5120,0.00,0.00,0.4775
Medium,Config_E,129,5160,0.00,0.00,0.4775
Medium,Config_E,130,5200,0.00,0.00,0.4775
Medium,Config_E,131,5240,0.00,0.00,0.4775
Medium,Config_E,132,5280,0.00,0.00,0.4775
Medium,Config_E,133,5320,0.00,0.00,0.4775
Medium,Config_E,134,5360,0.00,0.00,0.4775
Medium,Config_E,135,5400,0.00,0.00,0.4775
Medium,Config_E,136,5440,0.00,0.00,0.4775
Medium,Config_E,137,5480,0.00,0.00,0.4775
Medium,Config_E,138,5520,0.00,0.00,0.4775
Medium,Config_E,139,5560,0.00,0.00,0.4775
Medium,Config_E,140,5600,0.00,0.00,0.4775
Medium,Config_E,141,5640,0.00,0.00,0.4775
Medium,Config_E,142,5680,0.00,0.00,0.4775
Medium,Config_E,143,5720,0.00,0.00,0.4775
Medium,Config_E,144,5760,0.00,0.00,0.4775
Medium,Config_E,145,5800,0.00,0.00,0.4775
Medium,Config_E,146,5840,0.00,0.00,0.4775
Medium,Config_E,147,5880,0.00,0.00,0.4775
Medium,Config_E,148,5920,0.00,0.00,0.4775
Medium,Config_E,149,5960,0.00,0.00,0.4775
Medium,Config_E,150,6000,0.00,0.00,0.4775
Medium,Config_F,1,40,38.25,40.00,0.2000
Medium,Config_F,2,80,20.25,22.50,0.4288
Medium,Config_F,3,120,16.25,15.00,0.4487
Medium,Config_F,4,160,10.75,12.50,0.4800
Medium,Config_F,5,200,8.50,10.00,0.4987
Medium,Config_F,6,240,3.25,0.00,0.4938
Medium,Config_F,7,280,1.00,0.00,0.5100
Medium,Config_F,8,320,0.00,0.00,0.5188
Medium,Config_F,9,360,0.00,0.00,0.5188
Medium,Config_F,10,400,0.00,0.00,0.5188
Medium,Config_F,11,440,0.00,0.00,0.5188
Medium,Config_F,12,480,0.00,0.00,0.5188
Medium,Config_F,13,520,0.00,0.00,0.5188
Medium,Config_F,14,560,0.00,0.00,0.5188
Medium,Config_F,15,600,0.00,0.00,0.5188
Medium,Config_F,16,640,0.00,0.00,0.5188
Medium,Config_F,17,680,0.00,0.00,0.5188
Medium,Config_F,18,720,0.00,0.00,0.5188
Medium,Config_F,19,760,0.00,0.00,0.5188
Medium,Config_F,20,800,0.00,0.00,0.5188
Medium,Config_F,21,840,0.00,0.00,0.5188
Medium,Config_F,22,880,0.00,0.00,0.5188
Medium,Config_F,23,920,0.00,0.00,0.5188
Medium,Config_F,24,960,0.00,0.00,0.5188
Medium,Config_F,25,1000,0.00,0.00,0.5188
Medium,Config_F,26,1040,0.00,0.00,0.5188
Medium,Config_F,27,1080,0.00,0.00,0.5188
Medium,Config_F,28,1120,0.00,0.00,0.5188
Medium,Config_F,29,1160,0.00,0.00,0.5188
Medium,Config_F,30,1200,0.00,0.00,0.5188
Medium,Config_F,31,1240,0.00,0.00,0.5188
Medium,Config_F,32,1280,0.00,0.00,0.5188
Medium,Config_F,33,1320,0.00,0.00,0.5188
Medium,Config_F,34,1360,0.00,0.00,0.5188
Medium,Config_F,35,1400,0.00,0.00,0.5188
Medium,Config_F,36,1440,0.00,0.00,0.5188
Medium,Config_F,37,1480,0.00,0.00,0.5188
Medium,Config_F,38,1520,0.00,0.00,0.5188
Medium,Config_F,39,1560,0.00,0.00,0.5188
Medium,Config_F,40,1600,0.00,0.00,0.5188
Medium,Config_F,41,1640,0.00,0.00,0.5188
Medium,Config_F,42,1680,0.00,0.00,0.5188
Medium,Config_F,43,1720,0.00,0.00,0.5188
Medium,Config_F,44,1760,0.00,0.00,0.5188
Medium,Config_F,45,1800,0.00,0.00,0.5188
Medium,Config_F,46,1840,0.00,0.00,0.5188
Medium,Config_F,47,1880,0.00,0.00,0.5188
Medium,Config_F,48,1920,0.00,0.00,0.5188
Medium,Config_F,49,1960,0.00,0.00,0.5188
Medium,Config_F,50,2000,0.00,0.00,0.5188
Medium,Config_F,51,2040,0.00,0.00,0.5188
Medium,Config_F,52,2080,0.00,0.00,0.5188
Medium,Config_F,53,2120,0.00,0.00,0.5188
Medium,Config_F,54,2160,0.00,0.00,0.5188
Medium,Config_F,55,2200,0.00,0.00,0.5188
Medium,Config_F,56,2240,0.00,0.00,0.5188
Medium,Config_F,57,2280,0.00,0.00,0.5188
Medium,Config_F,58,2320,0.00,0.00,0.5188
Medium,Config_F,59,2360,0.00,0.00,0.5188
Medium,Config_F,60,2400,0.00,0.00,0.5188
Medium,Config_F,61,2440,0.00,0.00,0.5188
Medium,Config_F,62,2480,0.00,0.00,0.5188
Medium,Config_F,63,2520,0.00,0.00,0.5188
Medium,Config_F,64,2560,0.00,0.00,0.5188
Medium,Config_F,65,2600,0.00,0.00,0.5188
Medium,Config_F,66,2640,0.00,0.00,0.5188
Medium,Config_F,67,2680,0.00,0.00,0.5188
Medium,Config_F,68,2720,0.00,0.00,0.5188
Medium,Config_F,69,2760,0.00,0.00,0.5188
Medium,Config_F,70,2800,0.00,0.00,0.5188
Medium,Config_F,71,2840,0.00,0.00,0.5188
Medium,Config_F,72,2880,0.00,0.00,0.5188
Medium,Config_F,73,2920,0.00,0.00,0.5188
Medium,Config_F,74,2960,0.00,0.00,0.5188
Medium,Config_F,75,3000,0.00,0.00,0.5188
Medium,Config_F,76,3040,0.00,0.00,0.5188
Medium,Config_F,77,3080,0.00,0.00,0.5188
Medium,Config_F,78,3120,0.00,0.00,0.5188
Medium,Config_F,79,3160,0.00,0.00,0.5188
Medium,Config_F,80,3200,0.00,0.00,0.5188
Medium,Config_F,81,3240,0.00,0.00,0.5188
Medium,Config_F,82,3280,0.00,0.00,0.5188
Medium,Config_F,83,3320,0.00,0.00,0.5188
Medium,Config_F,84,3360,0.00,0.00,0.5188
Medium,Config_F,85,3400,0.00,0.00,0.5188
Medium,Config_F,86,3440,0.00,0.00,0.5188
Medium,Config_F,87,3480,0.00,0.00,0.5188
Medium,Config_F,88,3520,0.00,0.00,0.5188
Medium,Config_F,89,3560,0.00,0.00,0.5188
Medium,Config_F,90,3600,0.00,0.00,0.5188
Medium,Config_F,91,3640,0.00,0.00,0.5188
Medium,Config_F,92,3680,0.00,0.00,0.5188
Medium,Config_F,93,3720,0.00,0.00,0.5188
Medium,Config_F,94,3760,0.00,0.00,0.5188
Medium,Config_F,95,3800,0.00,0.00,0.5188
Medium,Config_F,96,3840,0.00,0.00,0.5188
Medium,Config_F,97,3880,0.00,0.00,0.5188
Medium,Config_F,98,3920,0.00,0.00,0.5188
Medium,Config_F,99,3960,0.00,0.00,0.5188
Medium,Config_F,100,4000,0.00,0.00,0.5188
Medium,Config_F,101,4040,0.00,0.00,0.5188
Medium,Config_F,102,4080,0.00,0.00,0.5188
Medium,Config_F,103,4120,0.00,0.00,0.5188
Medium,Config_F,104,4160,0.00,0.00,0.5188
Medium,Config_F,105,4200,0.00,0.00,0.5188
Medium,Config_F,106,4240,0.00,0.00,0.5188
Medium,Config_F,107,4280,0.00,0.00,0.5188
Medium,Config_F,108,4320,0.00,0.00,0.5188
Medium,Config_F,109,4360,0.00,0.00,0.5188
Medium,Config_F,110,4400,0.00,0.00,0.5188
Medium,Config_F,111,4440,0.00,0.00,0.5188
Medium,Config_F,112,4480,0.00,0.00,0.5188
Medium,Config_F,113,4520,0.00,0.00,0.5188
Medium,Config_F,114,4560,0.00,0.00,0.5188
Medium,Config_F,115,4600,0.00,0.00,0.5188
Medium,Config_F,116,4640,0.00,0.00,0.5188
Medium,Config_F,117,4680,0.00,0.00,0.5188
Medium,Config_F,118,4720,0.00,0.00,0.5188
Medium,Config_F,119,4760,0.00,0.00,0.5188
Medium,Config_F,120,4800,0.00,0.00,0.5188
Medium,Config_F,121,4840,0.00,0.00,0.5188
Medium,Config_F,122,4880,0.00,0.00,0.5188
Medium,Config_F,123,4920,0.00,0.00,0.5188
Medium,Config_F,124,4960,0.00,0.00,0.5188
Medium,Config_F,125,5000,0.00,0.00,0.5188
Medium,Config_F,126,5040,0.00,0.00,0.5188
Medium,Config_F,127,5080,0.00,0.00,0.5188
Medium,Config_F,128,5120,0.00,0.00,0.5188
Medium,Config_F,129,5160,0.00,0.00,0.5188
Medium,Config_F,130,5200,0.00,0.00,0.5188
Medium,Config_F,131,5240,0.00,0.00,0.5188
Medium,Config_F,132,5280,0.00,0.00,0.5188
Medium,Config_F,133,5320,0.00,0.00,0.5188
Medium,Config_F,134,5360,0.00,0.00,0.5188
Medium,Config_F,135,5400,0.00,0.00,0.5188
Medium,Config_F,136,5440,0.00,0.00,0.5188
Medium,Config_F,137,5480,0.00,0.00,0.5188
Medium,Config_F,138,5520,0.00,0.00,0.5188
Medium,Config_F,139,5560,0.00,0.00,0.5188
Medium,Config_F,140,5600,0.00,0.00,0.5188
Medium,Config_F,141,5640,0.00,0.00,0.5188
Medium,Config_F,142,5680,0.00,0.00,0.5188
Medium,Config_F,143,5720,0.00,0.00,0.5188
Medium,Config_F,144,5760,0.00,0.00,0.5188
Medium,Config_F,145,5800,0.00,0.00,0.5188
Medium,Config_F,146,5840,0.00,0.00,0.5188
Medium,Config_F,147,5880,0.00,0.00,0.5188
Medium,Config_F,148,5920,0.00,0.00,0.5188
Medium,Config_F,149,5960,0.00,0.00,0.5188
Medium,Config_F,150,6000,0.00,0.00,0.5188
Dense,Config_A,1,40,26920.75,27182.50,0.0000
Dense,Config_A,2,80,25061.50,25175.00,0.0000
Dense,Config_A,3,120,23392.50,24105.00,0.0000
Dense,Config_A,4,160,21437.75,21197.50,0.0000
Dense,Config_A,5,200,20245.75,21050.00,0.0000
Dense,Config_A,6,240,19336.75,20060.00,0.0000
Dense,Config_A,7,280,18241.75,18160.00,0.0000
Dense,Config_A,8,320,17193.00,17137.50,0.0000
Dense,Config_A,9,360,16091.25,16645.00,0.0000
Dense,Config_A,10,400,15632.50,16127.50,0.0000
Dense,Config_A,11,440,14536.00,14145.00,0.0000
Dense,Config_A,12,480,13777.75,14095.00,0.0000
Dense,Config_A,13,520,12824.25,13082.50,0.0000
Dense,Config_A,14,560,12125.00,12107.50,0.0000
Dense,Config_A,15,600,11382.00,11122.50,0.0000
Dense,Config_A,16,640,10826.75,11105.00,0.0000
Dense,Config_A,17,680,10367.50,10597.50,0.0000
Dense,Config_A,18,720,9915.75,10105.00,0.0000
Dense,Config_A,19,760,9412.75,9590.00,0.0000
Dense,Config_A,20,800,9010.00,8617.50,0.0000
Dense,Config_A,21,840,8409.00,8117.50,0.0000
Dense,Config_A,22,880,8017.25,7620.00,0.0000
Dense,Config_A,23,920,7813.00,7607.50,0.0000
Dense,Config_A,24,960,7514.00,7130.00,0.0000
Dense,Config_A,25,1000,7164.25,7105.00,0.0000
Dense,Config_A,26,1040,6865.50,6162.50,0.0000
Dense,Config_A,27,1080,6659.00,6155.00,0.0000
Dense,Config_A,28,1120,6311.25,6095.00,0.0000
Dense,Config_A,29,1160,6209.50,6092.50,0.0000
Dense,Config_A,30,1200,5957.50,6065.00,0.0000
Dense,Config_A,31,1240,5656.50,5122.50,0.0000
Dense,Config_A,32,1280,5557.00,5122.50,0.0000
Dense,Config_A,33,1320,5258.50,5095.00,0.0000
Dense,Config_A,34,1360,5152.00,5080.00,0.0000
Dense,Config_A,35,1400,4753.50,4132.50,0.0000
Dense,Config_A,36,1440,4600.50,4120.00,0.0000
Dense,Config_A,37,1480,4399.00,4107.50,0.0000
Dense,Config_A,38,1520,4200.50,4087.50,0.0000
Dense,Config_A,39,1560,4196.50,4075.00,0.0000
Dense,Config_A,40,1600,4044.50,4047.50,0.0000
Dense,Config_A,41,1640,3895.25,3600.00,0.0000
Dense,Config_A,42,1680,3740.00,3147.50,0.0000
Dense,Config_A,43,1720,3493.00,3112.50,0.0000
Dense,Config_A,44,1760,3393.50,3090.00,0.0000
Dense,Config_A,45,1800,3292.25,3090.00,0.0000
Dense,Config_A,46,1840,3291.75,3090.00,0.0000
Dense,Config_A,47,1880,3185.50,3067.50,0.0000
Dense,Config_A,48,1920,2989.75,3062.50,0.0000
Dense,Config_A,49,1960,2940.00,3062.50,0.0000
Dense,Config_A,50,2000,2938.75,3060.00,0.0000
Dense,Config_A,51,2040,2791.25,3052.50,0.0000
Dense,Config_A,52,2080,2740.25,3052.50,0.0000
Dense,Config_A,53,2120,2688.75,3052.50,0.0000
Dense,Config_A,54,2160,2638.25,3052.50,0.0013
Dense,Config_A,55,2200,2536.25,2122.50,0.0025
Dense,Config_A,56,2240,2485.75,2112.50,0.0063
Dense,Config_A,57,2280,2386.00,2090.00,0.0063
Dense,Config_A,58,2320,2331.00,2085.00,0.0075
Dense,Config_A,59,2360,2280.25,2082.50,0.0050
Dense,Config_A,60,2400,2076.75,2040.00,0.0087
Dense,Config_A,61,2440,2025.50,2040.00,0.0125
Dense,Config_A,62,2480,1926.25,1572.50,0.0100
Dense,Config_A,63,2520,1876.50,1572.50,0.0087
Dense,Config_A,64,2560,1726.50,1122.50,0.0100
Dense,Config_A,65,2600,1579.50,1117.50,0.0100
Dense,Config_A,66,2640,1578.00,1117.50,0.0112
Dense,Config_A,67,2680,1481.25,1110.00,0.0138
Dense,Config_A,68,2720,1431.25,1110.00,0.0238
Dense,Config_A,69,2760,1380.75,1110.00,0.0238
Dense,Config_A,70,2800,1331.25,1092.50,0.0275
Dense,Config_A,71,2840,1277.50,1085.00,0.0312
Dense,Config_A,72,2880,1276.50,1085.00,0.0275
Dense,Config_A,73,2920,1225.00,1072.50,0.0300
Dense,Config_A,74,2960,1174.75,1045.00,0.0375
Dense,Config_A,75,3000,1122.25,1045.00,0.0488
Dense,Config_A,76,3040,1074.50,1045.00,0.0500
Dense,Config_A,77,3080,1074.00,1045.00,0.0537
Dense,Config_A,78,3120,971.25,582.50,0.0488
Dense,Config_A,79,3160,968.25,582.50,0.0550
Dense,Config_A,80,3200,967.00,582.50,0.0525
Dense,Config_A,81,3240,916.25,582.50,0.0525
Dense,Config_A,82,3280,866.50,582.50,0.0500
Dense,Config_A,83,3320,812.75,582.50,0.0575
Dense,Config_A,84,3360,764.25,582.50,0.0575
Dense,Config_A,85,3400,763.00,575.00,0.0525
Dense,Config_A,86,3440,762.50,575.00,0.0475
Dense,Config_A,87,3480,762.50,575.00,0.0462
Dense,Config_A,88,3520,762.00,575.00,0.0550
Dense,Config_A,89,3560,711.00,117.50,0.0500
Dense,Config_A,90,3600,709.75,117.50,0.0550
Dense,Config_A,91,3640,659.00,117.50,0.0588
Dense,Config_A,92,3680,607.75,105.00,0.0650
Dense,Config_A,93,3720,606.75,105.00,0.0575
Dense,Config_A,94,3760,555.50,97.50,0.0650
Dense,Config_A,95,3800,555.00,97.50,0.0688
Dense,Config_A,96,3840,504.25,75.00,0.0700
Dense,Config_A,97,3880,502.75,75.00,0.0750
Dense,Config_A,98,3920,451.25,75.00,0.0638
Dense,Config_A,99,3960,449.50,75.00,0.0737
Dense,Config_A,100,4000,449.00,75.00,0.0662
Dense,Config_A,101,4040,447.50,67.50,0.0750
Dense,Config_A,102,4080,352.00,62.50,0.0687
Dense,Config_A,103,4120,350.75,55.00,0.0700
Dense,Config_A,104,4160,349.00,55.00,0.0813
Dense,Config_A,105,4200,348.25,55.00,0.0800
Dense,Config_A,106,4240,347.25,55.00,0.0788
Dense,Config_A,107,4280,346.75,55.00,0.0825
Dense,Config_A,108,4320,297.50,55.00,0.0875
Dense,Config_A,109,4360,296.00,55.00,0.0750
Dense,Config_A,110,4400,296.00,55.00,0.0912
Dense,Config_A,111,4440,295.75,55.00,0.0875
Dense,Config_A,112,4480,295.75,55.00,0.0800
Dense,Config_A,113,4520,295.25,55.00,0.0863
Dense,Config_A,114,4560,247.50,55.00,0.0938
Dense,Config_A,115,4600,246.75,52.50,0.0888
Dense,Config_A,116,4640,246.00,52.50,0.0887
Dense,Config_A,117,4680,246.00,52.50,0.0963
Dense,Config_A,118,4720,246.00,52.50,0.0963
Dense,Config_A,119,4760,244.00,47.50,0.0912
Dense,Config_A,120,4800,242.50,47.50,0.0963
Dense,Config_A,121,4840,241.75,47.50,0.0925
Dense,Config_A,122,4880,241.00,45.00,0.0988
Dense,Config_A,123,4920,240.00,45.00,0.1012
Dense,Config_A,124,4960,239.25,42.50,0.0900
Dense,Config_A,125,5000,239.25,42.50,0.0750
Dense,Config_A,126,5040,189.75,42.50,0.0775
Dense,Config_A,127,5080,188.25,42.50,0.0800
Dense,Config_A,128,5120,187.75,42.50,0.0987
Dense,Config_A,129,5160,186.75,42.50,0.0988
Dense,Config_A,130,5200,186.50,42.50,0.1012
Dense,Config_A,131,5240,186.00,42.50,0.0950
Dense,Config_A,132,5280,185.75,42.50,0.1000
Dense,Config_A,133,5320,185.75,42.50,0.0950
Dense,Config_A,134,5360,185.00,42.50,0.0938
Dense,Config_A,135,5400,184.50,42.50,0.0837
Dense,Config_A,136,5440,184.50,42.50,0.0913
Dense,Config_A,137,5480,184.50,42.50,0.0738
Dense,Config_A,138,5520,182.75,37.50,0.0900
Dense,Config_A,139,5560,182.75,37.50,0.0775
Dense,Config_A,140,5600,182.50,37.50,0.0925
Dense,Config_A,141,5640,182.50,37.50,0.0975
Dense,Config_A,142,5680,182.50,37.50,0.0825
Dense,Config_A,143,5720,181.25,37.50,0.1062
Dense,Config_A,144,5760,181.25,37.50,0.1125
Dense,Config_A,145,5800,131.00,35.00,0.0862
Dense,Config_A,146,5840,131.00,35.00,0.0862
Dense,Config_A,147,5880,130.50,35.00,0.0900
Dense,Config_A,148,5920,130.00,35.00,0.0975
Dense,Config_A,149,5960,130.00,35.00,0.0975
Dense,Config_A,150,6000,129.50,35.00,0.0925
Dense,Config_B,1,60,25903.00,26640.00,0.0000
Dense,Config_B,2,120,23836.50,24110.00,0.0000
Dense,Config_B,3,180,22282.00,22150.00,0.0000
Dense,Config_B,4,240,21229.00,21647.50,0.0000
Dense,Config_B,5,300,20295.00,21110.00,0.0000
Dense,Config_B,6,360,19186.25,20082.50,0.0000
Dense,Config_B,7,420,18789.50,19150.00,0.0000
Dense,Config_B,8,480,17943.50,18125.00,0.0000
Dense,Config_B,9,540,17643.00,17670.00,0.0000
Dense,Config_B,10,600,16992.00,17135.00,0.0000
Dense,Config_B,11,660,16484.75,16145.00,0.0000
Dense,Config_B,12,720,16230.50,16145.00,0.0000
Dense,Config_B,13,780,16131.75,16145.00,0.0000
Dense,Config_B,14,840,15886.25,15647.50,0.0000
Dense,Config_B,15,900,15734.75,15162.50,0.0000
Dense,Config_B,16,960,15586.00,15142.50,0.0000
Dense,Config_B,17,1020,15523.00,15140.00,0.0000
Dense,Config_B,18,1080,15469.75,15132.50,0.0000
Dense,Config_B,19,1140,15417.50,15122.50,0.0000
Dense,Config_B,20,1200,15316.25,15120.00,0.0000
Dense,Config_B,21,1260,15166.50,15120.00,0.0000
Dense,Config_B,22,1320,14820.50,15097.50,0.0000
Dense,Config_B,23,1380,14722.75,15095.00,0.0000
Dense,Config_B,24,1440,14722.00,15095.00,0.0000
Dense,Config_B,25,1500,14622.25,15095.00,0.0000
Dense,Config_B,26,1560,14522.00,14610.00,0.0000
Dense,Config_B,27,1620,14221.50,14122.50,0.0000
Dense,Config_B,28,1680,14221.50,14122.50,0.0000
Dense,Config_B,29,1740,14024.50,14095.00,0.0000
Dense,Config_B,30,1800,13925.25,14085.00,0.0000
Dense,Config_B,31,1860,13580.50,13202.50,0.0000
Dense,Config_B,32,1920,13529.25,13160.00,0.0000
Dense,Config_B,33,1980,13479.00,13160.00,0.0000
Dense,Config_B,34,2040,13278.00,13145.00,0.0000
Dense,Config_B,35,2100,12927.00,13120.00,0.0000
Dense,Config_B,36,2160,12876.00,13120.00,0.0000
Dense,Config_B,37,2220,12772.00,13107.50,0.0000
Dense,Config_B,38,2280,12418.75,13100.00,0.0000
Dense,Config_B,39,2340,12369.00,12622.50,0.0000
Dense,Config_B,40,2400,12368.50,12622.50,0.0000
Dense,Config_B,41,2460,12319.00,12622.50,0.0000
Dense,Config_B,42,2520,12266.50,12605.00,0.0000
Dense,Config_B,43,2580,12266.50,12605.00,0.0000
Dense,Config_B,44,2640,12167.75,12107.50,0.0000
Dense,Config_B,45,2700,12167.25,12107.50,0.0000
Dense,Config_B,46,2760,12167.25,12107.50,0.0000
Dense,Config_B,47,2820,12167.25,12107.50,0.0000
Dense,Config_B,48,2880,12166.50,12107.50,0.0000
Dense,Config_B,49,2940,12116.50,12107.50,0.0000
Dense,Config_B,50,3000,12019.50,12087.50,0.0000
Dense,Config_B,51,3060,11919.75,12087.50,0.0000
Dense,Config_B,52,3120,11919.75,12087.50,0.0000
Dense,Config_B,53,3180,11871.50,12087.50,0.0000
Dense,Config_B,54,3240,11670.50,11635.00,0.0000
Dense,Config_B,55,3300,11670.50,11635.00,0.0000
Dense,Config_B,56,3360,11622.75,11635.00,0.0000
Dense,Config_B,57,3420,11622.75,11635.00,0.0000
Dense,Config_B,58,3480,11572.75,11165.00,0.0000
Dense,Config_B,59,3540,11476.00,11152.50,0.0000
Dense,Config_B,60,3600,11429.50,11152.50,0.0000
Dense,Config_B,61,3660,11429.50,11152.50,0.0000
Dense,Config_B,62,3720,11429.50,11152.50,0.0000
Dense,Config_B,63,3780,11378.00,11152.50,0.0000
Dense,Config_B,64,3840,11227.25,11152.50,0.0000
Dense,Config_B,65,3900,11126.25,11142.50,0.0000
Dense,Config_B,66,3960,11126.25,11142.50,0.0000
Dense,Config_B,67,4020,11126.25,11142.50,0.0000
Dense,Config_B,68,4080,11124.75,11142.50,0.0000
Dense,Config_B,69,4140,11123.50,11142.50,0.0000
Dense,Config_B,70,4200,11123.50,11142.50,0.0000
Dense,Config_B,71,4260,11073.50,11142.50,0.0000
Dense,Config_B,72,4320,11073.50,11142.50,0.0000
Dense,Config_B,73,4380,11073.50,11142.50,0.0000
Dense,Config_B,74,4440,11073.50,11142.50,0.0000
Dense,Config_B,75,4500,11073.50,11142.50,0.0000
Dense,Config_B,76,4560,11071.75,11130.00,0.0000
Dense,Config_B,77,4620,10967.00,11120.00,0.0000
Dense,Config_B,78,4680,10966.75,11120.00,0.0000
Dense,Config_B,79,4740,10864.50,11117.50,0.0000
Dense,Config_B,80,4800,10864.50,11117.50,0.0000
Dense,Config_B,81,4860,10864.50,11117.50,0.0000
Dense,Config_B,82,4920,10863.25,11117.50,0.0000
Dense,Config_B,83,4980,10667.25,11115.00,0.0000
Dense,Config_B,84,5040,10618.00,11115.00,0.0000
Dense,Config_B,85,5100,10570.75,11115.00,0.0000
Dense,Config_B,86,5160,10570.75,11115.00,0.0000
Dense,Config_B,87,5220,10570.75,11115.00,0.0000
Dense,Config_B,88,5280,10570.75,11115.00,0.0000
Dense,Config_B,89,5340,10570.75,11115.00,0.0000
Dense,Config_B,90,5400,10570.75,11115.00,0.0000
Dense,Config_B,91,5460,10570.75,11115.00,0.0000
Dense,Config_B,92,5520,10469.75,11115.00,0.0000
Dense,Config_B,93,5580,10469.75,11115.00,0.0000
Dense,Config_B,94,5640,10469.75,11115.00,0.0000
Dense,Config_B,95,5700,10372.25,11115.00,0.0000
Dense,Config_B,96,5760,10372.25,11115.00,0.0000
Dense,Config_B,97,5820,10372.25,11115.00,0.0000
Dense,Config_B,98,5880,10372.25,11115.00,0.0000
Dense,Config_B,99,5940,10225.00,11112.50,0.0000
Dense,Config_B,100,6000,10174.25,11090.00,0.0000
Dense,Config_C,1,100,25493.00,25652.50,0.0000
Dense,Config_C,2,200,23586.50,24100.00,0.0000
Dense,Config_C,3,300,21832.50,22107.50,0.0000
Dense,Config_C,4,400,20097.50,20162.50,0.0000
Dense,Config_C,5,500,19001.50,19137.50,0.0000
Dense,Config_C,6,600,17852.75,18180.00,0.0000
Dense,Config_C,7,700,16839.00,17100.00,0.0000
Dense,Config_C,8,800,15445.75,15130.00,0.0000
Dense,Config_C,9,900,14695.00,14152.50,0.0000
Dense,Config_C,10,1000,14133.25,14102.50,0.0000
Dense,Config_C,11,1100,13581.75,13160.00,0.0000
Dense,Config_C,12,1200,12679.50,13075.00,0.0000
Dense,Config_C,13,1300,11878.25,12105.00,0.0000
Dense,Config_C,14,1400,11232.50,11620.00,0.0000
Dense,Config_C,15,1500,10829.50,11087.50,0.0000
Dense,Config_C,16,1600,10381.50,10145.00,0.0000
Dense,Config_C,17,1700,10027.75,9660.00,0.0000
Dense,Config_C,18,1800,9437.50,9147.50,0.0000
Dense,Config_C,19,1900,8778.25,9080.00,0.0000
Dense,Config_C,20,2000,8322.25,8157.50,0.0000
Dense,Config_C,21,2100,7868.00,8122.50,0.0000
Dense,Config_C,22,2200,7313.25,7605.00,0.0000
Dense,Config_C,23,2300,6821.50,7105.00,0.0000
Dense,Config_C,24,2400,6471.50,6617.50,0.0000
Dense,Config_C,25,2500,6277.00,6135.00,0.0000
Dense,Config_C,26,2600,6076.50,6130.00,0.0000
Dense,Config_C,27,2700,5769.75,6102.50,0.0000
Dense,Config_C,28,2800,5471.50,5640.00,0.0000
Dense,Config_C,29,2900,5318.75,5167.50,0.0000
Dense,Config_C,30,3000,5119.00,5132.50,0.0000
Dense,Config_C,31,3100,4768.25,4627.50,0.0000
Dense,Config_C,32,3200,4470.50,4125.00,0.0000
Dense,Config_C,33,3300,4462.75,4125.00,0.0000
Dense,Config_C,34,3400,4214.50,4110.00,0.0000
Dense,Config_C,35,3500,4066.50,4100.00,0.0000
Dense,Config_C,36,3600,3970.00,4092.50,0.0000
Dense,Config_C,37,3700,3820.75,4075.00,0.0000
Dense,Config_C,38,3800,3714.50,3605.00,0.0000
Dense,Config_C,39,3900,3371.50,3110.00,0.0000
Dense,Config_C,40,4000,3215.25,3107.50,0.0000
Dense,Config_C,41,4100,3118.25,3097.50,0.0000
Dense,Config_C,42,4200,3017.25,3092.50,0.0000
Dense,Config_C,43,4300,2967.50,3092.50,0.0000
Dense,Config_C,44,4400,2966.50,3092.50,0.0000
Dense,Config_C,45,4500,2820.50,3070.00,0.0000
Dense,Config_C,46,4600,2820.00,3070.00,0.0000
Dense,Config_C,47,4700,2669.75,2147.50,0.0000
Dense,Config_C,48,4800,2669.00,2147.50,0.0000
Dense,Config_C,49,4900,2665.50,2147.50,0.0000
Dense,Config_C,50,5000,2613.75,2145.00,0.0000
Dense,Config_C,51,5100,2464.50,2140.00,0.0000
Dense,Config_C,52,5200,2314.25,2107.50,0.0000
Dense,Config_C,53,5300,2114.75,2090.00,0.0000
Dense,Config_C,54,5400,2017.75,2090.00,0.0000
Dense,Config_C,55,5500,2017.00,2090.00,0.0000
Dense,Config_C,56,5600,2012.50,2090.00,0.0000
Dense,Config_C,57,5700,1961.00,2080.00,0.0005
Dense,Config_C,58,5800,1714.75,2067.50,0.0015
Dense,Config_C,59,5900,1664.00,2067.50,0.0025
Dense,Config_C,60,6000,1611.25,1595.00,0.0035
Dense,Config_D,1,20,28411.75,28637.50,0.0000
Dense,Config_D,2,40,26758.25,27142.50,0.0000
Dense,Config_D,3,60,25963.00,27095.00,0.0000
Dense,Config_D,4,80,25049.75,25637.50,0.0000
Dense,Config_D,5,100,24341.25,24180.00,0.0000
Dense,Config_D,6,120,23741.50,23602.50,0.0000
Dense,Config_D,7,140,23347.00,23602.50,0.0000
Dense,Config_D,8,160,22848.50,23100.00,0.0000
Dense,Config_D,9,180,22496.00,22160.00,0.0000
Dense,Config_D,10,200,21891.75,21630.00,0.0000
Dense,Config_D,11,220,21641.25,21170.00,0.0000
Dense,Config_D,12,240,21399.00,21125.00,0.0000
Dense,Config_D,13,260,21295.50,21125.00,0.0000
Dense,Config_D,14,280,21293.75,21125.00,0.0000
Dense,Config_D,15,300,21092.75,21122.50,0.0000
Dense,Config_D,16,320,21044.50,21122.50,0.0000
Dense,Config_D,17,340,20896.75,21122.50,0.0000
Dense,Config_D,18,360,20743.25,21085.00,0.0000
Dense,Config_D,19,380,20686.50,21085.00,0.0000
Dense,Config_D,20,400,20589.00,20625.00,0.0000
Dense,Config_D,21,420,20442.25,20187.50,0.0000
Dense,Config_D,22,440,20344.50,20150.00,0.0000
Dense,Config_D,23,460,20344.50,20150.00,0.0000
Dense,Config_D,24,480,20248.75,20110.00,0.0000
Dense,Config_D,25,500,20146.00,20110.00,0.0000
Dense,Config_D,26,520,20096.75,20110.00,0.0000
Dense,Config_D,27,540,20096.75,20110.00,0.0000
Dense,Config_D,28,560,19897.25,20102.50,0.0000
Dense,Config_D,29,580,19796.25,19640.00,0.0000
Dense,Config_D,30,600,19744.75,19640.00,0.0000
Dense,Config_D,31,620,19744.75,19640.00,0.0000
Dense,Config_D,32,640,19744.75,19640.00,0.0000
Dense,Config_D,33,660,19645.25,19177.50,0.0000
Dense,Config_D,34,680,19642.50,19177.50,0.0000
Dense,Config_D,35,700,19594.50,19177.50,0.0000
Dense,Config_D,36,720,19591.25,19177.50,0.0000
Dense,Config_D,37,740,19591.25,19177.50,0.0000
Dense,Config_D,38,760,19591.25,19177.50,0.0000
Dense,Config_D,39,780,19443.75,19177.50,0.0000
Dense,Config_D,40,800,19398.00,19177.50,0.0000
Dense,Config_D,41,820,19398.00,19177.50,0.0000
Dense,Config_D,42,840,19247.25,19170.00,0.0000
Dense,Config_D,43,860,19247.25,19170.00,0.0000
Dense,Config_D,44,880,19247.25,19170.00,0.0000
Dense,Config_D,45,900,19201.00,19170.00,0.0000
Dense,Config_D,46,920,19201.00,19170.00,0.0000
Dense,Config_D,47,940,19201.00,19170.00,0.0000
Dense,Config_D,48,960,19201.00,19170.00,0.0000
Dense,Config_D,49,980,19201.00,19170.00,0.0000
Dense,Config_D,50,1000,19201.00,19170.00,0.0000
Dense,Config_D,51,1020,19201.00,19170.00,0.0000
Dense,Config_D,52,1040,19201.00,19170.00,0.0000
Dense,Config_D,53,1060,19201.00,19170.00,0.0000
Dense,Config_D,54,1080,19195.25,19170.00,0.0000
Dense,Config_D,55,1100,19195.25,19170.00,0.0000
Dense,Config_D,56,1120,19195.25,19170.00,0.0000
Dense,Config_D,57,1140,19092.75,19160.00,0.0000
Dense,Config_D,58,1160,19092.75,19160.00,0.0000
Dense,Config_D,59,1180,19092.75,19160.00,0.0000
Dense,Config_D,60,1200,19092.75,19160.00,0.0000
Dense,Config_D,61,1220,19092.75,19160.00,0.0000
Dense,Config_D,62,1240,19092.75,19160.00,0.0000
Dense,Config_D,63,1260,19091.75,19160.00,0.0000
Dense,Config_D,64,1280,19090.75,19155.00,0.0000
Dense,Config_D,65,1300,19090.75,19155.00,0.0000
Dense,Config_D,66,1320,19090.75,19155.00,0.0000
Dense,Config_D,67,1340,19090.75,19155.00,0.0000
Dense,Config_D,68,1360,19090.75,19155.00,0.0000
Dense,Config_D,69,1380,19090.75,19155.00,0.0000
Dense,Config_D,70,1400,19090.75,19155.00,0.0000
Dense,Config_D,71,1420,19090.75,19155.00,0.0000
Dense,Config_D,72,1440,18990.75,19150.00,0.0000
Dense,Config_D,73,1460,18990.75,19150.00,0.0000
Dense,Config_D,74,1480,18990.75,19150.00,0.0000
Dense,Config_D,75,1500,18940.25,19150.00,0.0000
Dense,Config_D,76,1520,18940.25,19150.00,0.0000
Dense,Config_D,77,1540,18940.25,19150.00,0.0000
Dense,Config_D,78,1560,18890.25,19150.00,0.0000
Dense,Config_D,79,1580,18890.25,19150.00,0.0000
Dense,Config_D,80,1600,18839.25,19140.00,0.0000
Dense,Config_D,81,1620,18839.00,19140.00,0.0000
Dense,Config_D,82,1640,18839.00,19140.00,0.0000
Dense,Config_D,83,1660,18839.00,19140.00,0.0000
Dense,Config_D,84,1680,18738.25,19095.00,0.0000
Dense,Config_D,85,1700,18738.25,19095.00,0.0000
Dense,Config_D,86,1720,18738.25,19095.00,0.0000
Dense,Config_D,87,1740,18738.25,19095.00,0.0000
Dense,Config_D,88,1760,18738.25,19095.00,0.0000
Dense,Config_D,89,1780,18738.25,19095.00,0.0000
Dense,Config_D,90,1800,18738.25,19095.00,0.0000
Dense,Config_D,91,1820,18738.25,19095.00,0.0000
Dense,Config_D,92,1840,18738.25,19095.00,0.0000
Dense,Config_D,93,1860,18738.25,19095.00,0.0000
Dense,Config_D,94,1880,18641.75,18652.50,0.0000
Dense,Config_D,95,1900,18546.50,18652.50,0.0000
Dense,Config_D,96,1920,18546.50,18652.50,0.0000
Dense,Config_D,97,1940,18495.50,18652.50,0.0000
Dense,Config_D,98,1960,18495.50,18652.50,0.0000
Dense,Config_D,99,1980,18394.50,18652.50,0.0000
Dense,Config_D,100,2000,18393.50,18652.50,0.0000
Dense,Config_D,101,2020,18393.50,18652.50,0.0000
Dense,Config_D,102,2040,18393.50,18652.50,0.0000
Dense,Config_D,103,2060,18389.75,18637.50,0.0000
Dense,Config_D,104,2080,18389.75,18637.50,0.0000
Dense,Config_D,105,2100,18389.75,18637.50,0.0000
Dense,Config_D,106,2120,18389.75,18637.50,0.0000
Dense,Config_D,107,2140,18389.75,18637.50,0.0000
Dense,Config_D,108,2160,18389.75,18637.50,0.0000
Dense,Config_D,109,2180,18389.75,18637.50,0.0000
Dense,Config_D,110,2200,18389.75,18637.50,0.0000
Dense,Config_D,111,2220,18389.75,18637.50,0.0000
Dense,Config_D,112,2240,18389.75,18637.50,0.0000
Dense,Config_D,113,2260,18389.75,18637.50,0.0000
Dense,Config_D,114,2280,18389.75,18637.50,0.0000
Dense,Config_D,115,2300,18338.75,18165.00,0.0000
Dense,Config_D,116,2320,18338.75,18165.00,0.0000
Dense,Config_D,117,2340,18338.75,18165.00,0.0000
Dense,Config_D,118,2360,18194.75,18152.50,0.0000
Dense,Config_D,119,2380,18147.00,18152.50,0.0000
Dense,Config_D,120,2400,18147.00,18152.50,0.0000
Dense,Config_D,121,2420,18147.00,18152.50,0.0000
Dense,Config_D,122,2440,18147.00,18152.50,0.0000
Dense,Config_D,123,2460,17950.00,18142.50,0.0000
Dense,Config_D,124,2480,17896.50,18122.50,0.0000
Dense,Config_D,125,2500,17896.50,18122.50,0.0000
Dense,Config_D,126,2520,17896.50,18122.50,0.0000
Dense,Config_D,127,2540,17896.50,18122.50,0.0000
Dense,Config_D,128,2560,17896.50,18122.50,0.0000
Dense,Config_D,129,2580,17896.50,18122.50,0.0000
Dense,Config_D,130,2600,17896.50,18122.50,0.0000
Dense,Config_D,131,2620,17896.50,18122.50,0.0000
Dense,Config_D,132,2640,17896.50,18122.50,0.0000
Dense,Config_D,133,2660,17895.00,18122.50,0.0000
Dense,Config_D,134,2680,17895.00,18122.50,0.0000
Dense,Config_D,135,2700,17895.00,18122.50,0.0000
Dense,Config_D,136,2720,17895.00,18122.50,0.0000
Dense,Config_D,137,2740,17895.00,18122.50,0.0000
Dense,Config_D,138,2760,17895.00,18122.50,0.0000
Dense,Config_D,139,2780,17894.25,18122.50,0.0000
Dense,Config_D,140,2800,17894.25,18122.50,0.0000
Dense,Config_D,141,2820,17894.25,18122.50,0.0000
Dense,Config_D,142,2840,17894.25,18122.50,0.0000
Dense,Config_D,143,2860,17894.25,18122.50,0.0000
Dense,Config_D,144,2880,17894.25,18122.50,0.0000
Dense,Config_D,145,2900,17894.25,18122.50,0.0000
Dense,Config_D,146,2920,17894.25,18122.50,0.0000
Dense,Config_D,147,2940,17894.25,18122.50,0.0000
Dense,Config_D,148,2960,17894.25,18122.50,0.0000
Dense,Config_D,149,2980,17894.25,18122.50,0.0000
Dense,Config_D,150,3000,17894.25,18122.50,0.0000
Dense,Config_D,151,3020,17894.25,18122.50,0.0000
Dense,Config_D,152,3040,17888.25,18095.00,0.0000
Dense,Config_D,153,3060,17888.25,18095.00,0.0000
Dense,Config_D,154,3080,17888.25,18095.00,0.0000
Dense,Config_D,155,3100,17888.25,18095.00,0.0000
Dense,Config_D,156,3120,17842.25,18095.00,0.0000
Dense,Config_D,157,3140,17842.25,18095.00,0.0000
Dense,Config_D,158,3160,17791.75,18095.00,0.0000
Dense,Config_D,159,3180,17791.75,18095.00,0.0000
Dense,Config_D,160,3200,17791.75,18095.00,0.0000
Dense,Config_D,161,3220,17791.75,18095.00,0.0000
Dense,Config_D,162,3240,17791.75,18095.00,0.0000
Dense,Config_D,163,3260,17791.75,18095.00,0.0000
Dense,Config_D,164,3280,17791.75,18095.00,0.0000
Dense,Config_D,165,3300,17791.75,18095.00,0.0000
Dense,Config_D,166,3320,17791.75,18095.00,0.0000
Dense,Config_D,167,3340,17791.75,18095.00,0.0000
Dense,Config_D,168,3360,17791.75,18095.00,0.0000
Dense,Config_D,169,3380,17791.75,18095.00,0.0000
Dense,Config_D,170,3400,17791.75,18095.00,0.0000
Dense,Config_D,171,3420,17791.75,18095.00,0.0000
Dense,Config_D,172,3440,17791.75,18095.00,0.0000
Dense,Config_D,173,3460,17791.75,18095.00,0.0000
Dense,Config_D,174,3480,17791.75,18095.00,0.0000
Dense,Config_D,175,3500,17791.75,18095.00,0.0000
Dense,Config_D,176,3520,17791.75,18095.00,0.0000
Dense,Config_D,177,3540,17791.75,18095.00,0.0000
Dense,Config_D,178,3560,17538.50,17642.50,0.0000
Dense,Config_D,179,3580,17492.25,17642.50,0.0000
Dense,Config_D,180,3600,17492.25,17642.50,0.0000
Dense,Config_D,181,3620,17492.25,17642.50,0.0000
Dense,Config_D,182,3640,17443.00,17642.50,0.0000
Dense,Config_D,183,3660,17395.50,17642.50,0.0000
Dense,Config_D,184,3680,17395.50,17642.50,0.0000
Dense,Config_D,185,3700,17395.50,17642.50,0.0000
Dense,Config_D,186,3720,17395.50,17642.50,0.0000
Dense,Config_D,187,3740,17395.50,17642.50,0.0000
Dense,Config_D,188,3760,17395.50,17642.50,0.0000
Dense,Config_D,189,3780,17392.75,17642.50,0.0000
Dense,Config_D,190,3800,17392.75,17642.50,0.0000
Dense,Config_D,191,3820,17392.75,17642.50,0.0000
Dense,Config_D,192,3840,17392.75,17642.50,0.0000
Dense,Config_D,193,3860,17392.75,17642.50,0.0000
Dense,Config_D,194,3880,17392.75,17642.50,0.0000
Dense,Config_D,195,3900,17392.75,17642.50,0.0000
Dense,Config_D,196,3920,17392.75,17642.50,0.0000
Dense,Config_D,197,3940,17392.75,17642.50,0.0000
Dense,Config_D,198,3960,17344.25,17192.50,0.0000
Dense,Config_D,199,3980,17344.25,17192.50,0.0000
Dense,Config_D,200,4000,17344.25,17192.50,0.0000
Dense,Config_D,201,4020,17344.25,17192.50,0.0000
Dense,Config_D,202,4040,17344.25,17192.50,0.0000
Dense,Config_D,203,4060,17344.25,17192.50,0.0000
Dense,Config_D,204,4080,17344.25,17192.50,0.0000
Dense,Config_D,205,4100,17344.25,17192.50,0.0000
Dense,Config_D,206,4120,17344.25,17192.50,0.0000
Dense,Config_D,207,4140,17344.25,17192.50,0.0000
Dense,Config_D,208,4160,17344.25,17192.50,0.0000
Dense,Config_D,209,4180,17344.25,17192.50,0.0000
Dense,Config_D,210,4200,17344.25,17192.50,0.0000
Dense,Config_D,211,4220,17344.25,17192.50,0.0000
Dense,Config_D,212,4240,17344.25,17192.50,0.0000
Dense,Config_D,213,4260,17344.25,17192.50,0.0000
Dense,Config_D,214,4280,17344.25,17192.50,0.0000
Dense,Config_D,215,4300,17344.25,17192.50,0.0000
Dense,Config_D,216,4320,17344.25,17192.50,0.0000
Dense,Config_D,217,4340,17344.25,17192.50,0.0000
Dense,Config_D,218,4360,17344.25,17192.50,0.0000
Dense,Config_D,219,4380,17344.25,17192.50,0.0000
Dense,Config_D,220,4400,17344.25,17192.50,0.0000
Dense,Config_D,221,4420,17344.25,17192.50,0.0000
Dense,Config_D,222,4440,17344.25,17192.50,0.0000
Dense,Config_D,223,4460,17344.25,17192.50,0.0000
Dense,Config_D,224,4480,17344.25,17192.50,0.0000
Dense,Config_D,225,4500,17344.25,17192.50,0.0000
Dense,Config_D,226,4520,17344.25,17192.50,0.0000
Dense,Config_D,227,4540,17344.25,17192.50,0.0000
Dense,Config_D,228,4560,17344.25,17192.50,0.0000
Dense,Config_D,229,4580,17344.25,17192.50,0.0000
Dense,Config_D,230,4600,17344.25,17192.50,0.0000
Dense,Config_D,231,4620,17344.25,17192.50,0.0000
Dense,Config_D,232,4640,17344.25,17192.50,0.0000
Dense,Config_D,233,4660,17344.25,17192.50,0.0000
Dense,Config_D,234,4680,17344.25,17192.50,0.0000
Dense,Config_D,235,4700,17344.25,17192.50,0.0000
Dense,Config_D,236,4720,17344.25,17192.50,0.0000
Dense,Config_D,237,4740,17344.25,17192.50,0.0000
Dense,Config_D,238,4760,17344.25,17192.50,0.0000
Dense,Config_D,239,4780,17344.25,17192.50,0.0000
Dense,Config_D,240,4800,17344.25,17192.50,0.0000
Dense,Config_D,241,4820,17344.25,17192.50,0.0000
Dense,Config_D,242,4840,17344.25,17192.50,0.0000
Dense,Config_D,243,4860,17344.25,17192.50,0.0000
Dense,Config_D,244,4880,17344.25,17192.50,0.0000
Dense,Config_D,245,4900,17344.25,17192.50,0.0000
Dense,Config_D,246,4920,17344.25,17192.50,0.0000
Dense,Config_D,247,4940,17338.50,17192.50,0.0000
Dense,Config_D,248,4960,17338.50,17192.50,0.0000
Dense,Config_D,249,4980,17338.50,17192.50,0.0000
Dense,Config_D,250,5000,17338.50,17192.50,0.0000
Dense,Config_D,251,5020,17338.50,17192.50,0.0000
Dense,Config_D,252,5040,17338.50,17192.50,0.0000
Dense,Config_D,253,5060,17338.50,17192.50,0.0000
Dense,Config_D,254,5080,17338.50,17192.50,0.0000
Dense,Config_D,255,5100,17338.50,17192.50,0.0000
Dense,Config_D,256,5120,17338.50,17192.50,0.0000
Dense,Config_D,257,5140,17338.50,17192.50,0.0000
Dense,Config_D,258,5160,17338.50,17192.50,0.0000
Dense,Config_D,259,5180,17338.50,17192.50,0.0000
Dense,Config_D,260,5200,17338.50,17192.50,0.0000
Dense,Config_D,261,5220,17338.50,17192.50,0.0000
Dense,Config_D,262,5240,17338.50,17192.50,0.0000
Dense,Config_D,263,5260,17338.50,17192.50,0.0000
Dense,Config_D,264,5280,17338.50,17192.50,0.0000
Dense,Config_D,265,5300,17338.50,17192.50,0.0000
Dense,Config_D,266,5320,17338.50,17192.50,0.0000
Dense,Config_D,267,5340,17338.50,17192.50,0.0000
Dense,Config_D,268,5360,17338.50,17192.50,0.0000
Dense,Config_D,269,5380,17338.50,17192.50,0.0000
Dense,Config_D,270,5400,17338.50,17192.50,0.0000
Dense,Config_D,271,5420,17291.75,17185.00,0.0000
Dense,Config_D,272,5440,17291.75,17185.00,0.0000
Dense,Config_D,273,5460,17291.75,17185.00,0.0000
Dense,Config_D,274,5480,17291.75,17185.00,0.0000
Dense,Config_D,275,5500,17291.75,17185.00,0.0000
Dense,Config_D,276,5520,17291.75,17185.00,0.0000
Dense,Config_D,277,5540,17291.75,17185.00,0.0000
Dense,Config_D,278,5560,17291.75,17185.00,0.0000
Dense,Config_D,279,5580,17291.75,17185.00,0.0000
Dense,Config_D,280,5600,17291.75,17185.00,0.0000
Dense,Config_D,281,5620,17291.75,17185.00,0.0000
Dense,Config_D,282,5640,17291.75,17185.00,0.0000
Dense,Config_D,283,5660,17291.75,17185.00,0.0000
Dense,Config_D,284,5680,17291.75,17185.00,0.0000
Dense,Config_D,285,5700,17290.50,17177.50,0.0000
Dense,Config_D,286,5720,17290.50,17177.50,0.0000
Dense,Config_D,287,5740,17290.50,17177.50,0.0000
Dense,Config_D,288,5760,17290.50,17177.50,0.0000
Dense,Config_D,289,5780,17290.50,17177.50,0.0000
Dense,Config_D,290,5800,17290.50,17177.50,0.0000
Dense,Config_D,291,5820,17290.50,17177.50,0.0000
Dense,Config_D,292,5840,17290.50,17177.50,0.0000
Dense,Config_D,293,5860,17290.50,17177.50,0.0000
Dense,Config_D,294,5880,17290.50,17177.50,0.0000
Dense,Config_D,295,5900,17290.50,17177.50,0.0000
Dense,Config_D,296,5920,17290.50,17177.50,0.0000
Dense,Config_D,297,5940,17290.50,17177.50,0.0000
Dense,Config_D,298,5960,17290.50,17177.50,0.0000
Dense,Config_D,299,5980,17290.50,17177.50,0.0000
Dense,Config_D,300,6000,17290.50,17177.50,0.0000
Dense,Config_E,1,40,26920.75,27182.50,0.0000
Dense,Config_E,2,80,92.25,97.50,0.2925
Dense,Config_E,3,120,82.75,80.00,0.3612
Dense,Config_E,4,160,77.00,75.00,0.3700
Dense,Config_E,5,200,72.00,70.00,0.3588
Dense,Config_E,6,240,66.50,67.50,0.3663
Dense,Config_E,7,280,62.50,62.50,0.3912
Dense,Config_E,8,320,56.00,60.00,0.3788
Dense,Config_E,9,360,53.50,55.00,0.4062
Dense,Config_E,10,400,47.25,50.00,0.3913
Dense,Config_E,11,440,45.75,50.00,0.4000
Dense,Config_E,12,480,44.50,50.00,0.3950
Dense,Config_E,13,520,41.75,42.50,0.3688
Dense,Config_E,14,560,40.50,40.00,0.3563
Dense,Config_E,15,600,36.75,30.00,0.3700
Dense,Config_E,16,640,35.50,30.00,0.4125
Dense,Config_E,17,680,33.75,30.00,0.4163
Dense,Config_E,18,720,32.75,25.00,0.4087
Dense,Config_E,19,760,31.75,25.00,0.3950
Dense,Config_E,20,800,28.00,25.00,0.4062
Dense,Config_E,21,840,25.50,25.00,0.4062
Dense,Config_E,22,880,24.25,25.00,0.3850
Dense,Config_E,23,920,22.25,22.50,0.4087
Dense,Config_E,24,960,21.00,20.00,0.4038
Dense,Config_E,25,1000,19.25,20.00,0.3987
Dense,Config_E,26,1040,19.25,20.00,0.4088
Dense,Config_E,27,1080,17.75,20.00,0.4188
Dense,Config_E,28,1120,17.50,20.00,0.4175
Dense,Config_E,29,1160,14.25,10.00,0.4038
Dense,Config_E,30,1200,13.25,10.00,0.4100
Dense,Config_E,31,1240,12.00,10.00,0.4188
Dense,Config_E,32,1280,12.00,10.00,0.4163
Dense,Config_E,33,1320,11.25,10.00,0.3950
Dense,Config_E,34,1360,11.25,10.00,0.3762
Dense,Config_E,35,1400,11.25,10.00,0.4237
Dense,Config_E,36,1440,10.75,10.00,0.4238
Dense,Config_E,37,1480,9.25,10.00,0.4250
Dense,Config_E,38,1520,9.25,10.00,0.4238
Dense,Config_E,39,1560,8.75,10.00,0.4050
Dense,Config_E,40,1600,7.75,10.00,0.3775
Dense,Config_E,41,1640,7.50,10.00,0.4150
Dense,Config_E,42,1680,7.50,10.00,0.4125
Dense,Config_E,43,1720,7.00,5.00,0.3962
Dense,Config_E,44,1760,6.75,5.00,0.3937
Dense,Config_E,45,1800,6.25,0.00,0.4000
Dense,Config_E,46,1840,6.25,0.00,0.3937
Dense,Config_E,47,1880,5.75,0.00,0.3975
Dense,Config_E,48,1920,5.75,0.00,0.3887
Dense,Config_E,49,1960,5.25,0.00,0.3950
Dense,Config_E,50,2000,5.25,0.00,0.3900
Dense,Config_E,51,2040,5.25,0.00,0.4000
Dense,Config_E,52,2080,5.00,0.00,0.4050
Dense,Config_E,53,2120,5.00,0.00,0.3862
Dense,Config_E,54,2160,4.50,0.00,0.4137
Dense,Config_E,55,2200,4.00,0.00,0.3987
Dense,Config_E,56,2240,4.00,0.00,0.3925
Dense,Config_E,57,2280,3.50,0.00,0.4012
Dense,Config_E,58,2320,3.50,0.00,0.4025
Dense,Config_E,59,2360,3.50,0.00,0.3900
Dense,Config_E,60,2400,3.50,0.00,0.4100
Dense,Config_E,61,2440,3.00,0.00,0.4037
Dense,Config_E,62,2480,3.00,0.00,0.4037
Dense,Config_E,63,2520,3.00,0.00,0.4162
Dense,Config_E,64,2560,3.00,0.00,0.4150
Dense,Config_E,65,2600,2.50,0.00,0.4050
Dense,Config_E,66,2640,2.50,0.00,0.3975
Dense,Config_E,67,2680,2.50,0.00,0.4050
Dense,Config_E,68,2720,2.50,0.00,0.3987
Dense,Config_E,69,2760,2.50,0.00,0.4150
Dense,Config_E,70,2800,2.50,0.00,0.4000
Dense,Config_E,71,2840,2.50,0.00,0.4125
Dense,Config_E,72,2880,2.00,0.00,0.4037
Dense,Config_E,73,2920,2.00,0.00,0.4162
Dense,Config_E,74,2960,2.00,0.00,0.4112
Dense,Config_E,75,3000,2.00,0.00,0.4137
Dense,Config_E,76,3040,2.00,0.00,0.4175
Dense,Config_E,77,3080,2.00,0.00,0.4237
Dense,Config_E,78,3120,2.00,0.00,0.4175
Dense,Config_E,79,3160,1.50,0.00,0.4012
Dense,Config_E,80,3200,1.00,0.00,0.4187
Dense,Config_E,81,3240,1.00,0.00,0.4225
Dense,Config_E,82,3280,1.00,0.00,0.4350
Dense,Config_E,83,3320,1.00,0.00,0.4162
Dense,Config_E,84,3360,0.50,0.00,0.4112
Dense,Config_E,85,3400,0.50,0.00,0.4100
Dense,Config_E,86,3440,0.50,0.00,0.4100
Dense,Config_E,87,3480,0.50,0.00,0.4100
Dense,Config_E,88,3520,0.50,0.00,0.4125
Dense,Config_E,89,3560,0.50,0.00,0.4137
Dense,Config_E,90,3600,0.50,0.00,0.4137
Dense,Config_E,91,3640,0.50,0.00,0.4087
Dense,Config_E,92,3680,0.50,0.00,0.4062
Dense,Config_E,93,3720,0.50,0.00,0.4125
Dense,Config_E,94,3760,0.50,0.00,0.4087
Dense,Config_E,95,3800,0.50,0.00,0.4175
Dense,Config_E,96,3840,0.50,0.00,0.4200
Dense,Config_E,97,3880,0.50,0.00,0.4100
Dense,Config_E,98,3920,0.50,0.00,0.4187
Dense,Config_E,99,3960,0.50,0.00,0.4175
Dense,Config_E,100,4000,0.50,0.00,0.4075
Dense,Config_E,101,4040,0.50,0.00,0.4112
Dense,Config_E,102,4080,0.50,0.00,0.4112
Dense,Config_E,103,4120,0.50,0.00,0.4062
Dense,Config_E,104,4160,0.50,0.00,0.4112
Dense,Config_E,105,4200,0.50,0.00,0.4075
Dense,Config_E,106,4240,0.50,0.00,0.4050
Dense,Config_E,107,4280,0.50,0.00,0.4087
Dense,Config_E,108,4320,0.50,0.00,0.4150
Dense,Config_E,109,4360,0.00,0.00,0.4200
Dense,Config_E,110,4400,0.00,0.00,0.4200
Dense,Config_E,111,4440,0.00,0.00,0.4200
Dense,Config_E,112,4480,0.00,0.00,0.4200
Dense,Config_E,113,4520,0.00,0.00,0.4200
Dense,Config_E,114,4560,0.00,0.00,0.4200
Dense,Config_E,115,4600,0.00,0.00,0.4200
Dense,Config_E,116,4640,0.00,0.00,0.4200
Dense,Config_E,117,4680,0.00,0.00,0.4200
Dense,Config_E,118,4720,0.00,0.00,0.4200
Dense,Config_E,119,4760,0.00,0.00,0.4200
Dense,Config_E,120,4800,0.00,0.00,0.4200
Dense,Config_E,121,4840,0.00,0.00,0.4200
Dense,Config_E,122,4880,0.00,0.00,0.4200
Dense,Config_E,123,4920,0.00,0.00,0.4200
Dense,Config_E,124,4960,0.00,0.00,0.4200
Dense,Config_E,125,5000,0.00,0.00,0.4200
Dense,Config_E,126,5040,0.00,0.00,0.4200
Dense,Config_E,127,5080,0.00,0.00,0.4200
Dense,Config_E,128,5120,0.00,0.00,0.4200
Dense,Config_E,129,5160,0.00,0.00,0.4200
Dense,Config_E,130,5200,0.00,0.00,0.4200
Dense,Config_E,131,5240,0.00,0.00,0.4200
Dense,Config_E,132,5280,0.00,0.00,0.4200
Dense,Config_E,133,5320,0.00,0.00,0.4200
Dense,Config_E,134,5360,0.00,0.00,0.4200
Dense,Config_E,135,5400,0.00,0.00,0.4200
Dense,Config_E,136,5440,0.00,0.00,0.4200
Dense,Config_E,137,5480,0.00,0.00,0.4200
Dense,Config_E,138,5520,0.00,0.00,0.4200
Dense,Config_E,139,5560,0.00,0.00,0.4200
Dense,Config_E,140,5600,0.00,0.00,0.4200
Dense,Config_E,141,5640,0.00,0.00,0.4200
Dense,Config_E,142,5680,0.00,0.00,0.4200
Dense,Config_E,143,5720,0.00,0.00,0.4200
Dense,Config_E,144,5760,0.00,0.00,0.4200
Dense,Config_E,145,5800,0.00,0.00,0.4200
Dense,Config_E,146,5840,0.00,0.00,0.4200
Dense,Config_E,147,5880,0.00,0.00,0.4200
Dense,Config_E,148,5920,0.00,0.00,0.4200
Dense,Config_E,149,5960,0.00,0.00,0.4200
Dense,Config_E,150,6000,0.00,0.00,0.4200
Dense,Config_F,1,40,134.25,135.00,0.2000
Dense,Config_F,2,80,102.75,100.00,0.3587
Dense,Config_F,3,120,95.25,95.00,0.3763
Dense,Config_F,4,160,88.75,87.50,0.3588
Dense,Config_F,5,200,82.50,82.50,0.3937
Dense,Config_F,6,240,77.25,77.50,0.3638
Dense,Config_F,7,280,73.25,67.50,0.3937
Dense,Config_F,8,320,69.25,65.00,0.3762
Dense,Config_F,9,360,63.25,62.50,0.3987
Dense,Config_F,10,400,58.75,60.00,0.3813
Dense,Config_F,11,440,52.50,55.00,0.3950
Dense,Config_F,12,480,50.00,50.00,0.3675
Dense,Config_F,13,520,48.50,45.00,0.4062
Dense,Config_F,14,560,45.00,45.00,0.3625
Dense,Config_F,15,600,44.50,45.00,0.3787
Dense,Config_F,16,640,41.50,40.00,0.4087
Dense,Config_F,17,680,39.00,40.00,0.4025
Dense,Config_F,18,720,35.00,35.00,0.4200
Dense,Config_F,19,760,33.75,35.00,0.3862
Dense,Config_F,20,800,33.75,35.00,0.3987
Dense,Config_F,21,840,31.25,32.50,0.4163
Dense,Config_F,22,880,29.75,27.50,0.3700
Dense,Config_F,23,920,28.00,27.50,0.4113
Dense,Config_F,24,960,26.00,25.00,0.3975
Dense,Config_F,25,1000,23.75,25.00,0.3925
Dense,Config_F,26,1040,20.75,25.00,0.4037
Dense,Config_F,27,1080,18.75,20.00,0.4100
Dense,Config_F,28,1120,18.25,20.00,0.4088
Dense,Config_F,29,1160,17.75,17.50,0.3950
Dense,Config_F,30,1200,16.75,15.00,0.3925
Dense,Config_F,31,1240,15.25,12.50,0.4050
Dense,Config_F,32,1280,14.25,12.50,0.4062
Dense,Config_F,33,1320,13.00,10.00,0.4200
Dense,Config_F,34,1360,12.25,10.00,0.3762
Dense,Config_F,35,1400,11.50,10.00,0.4188
Dense,Config_F,36,1440,11.00,10.00,0.3975
Dense,Config_F,37,1480,10.50,10.00,0.4213
Dense,Config_F,38,1520,10.25,10.00,0.4263
Dense,Config_F,39,1560,10.00,10.00,0.4263
Dense,Config_F,40,1600,9.75,10.00,0.3725
Dense,Config_F,41,1640,9.00,10.00,0.4138
Dense,Config_F,42,1680,9.00,10.00,0.4438
Dense,Config_F,43,1720,8.50,10.00,0.3950
Dense,Config_F,44,1760,8.25,10.00,0.4000
Dense,Config_F,45,1800,7.75,10.00,0.4150
Dense,Config_F,46,1840,7.00,10.00,0.4200
Dense,Config_F,47,1880,7.00,10.00,0.3975
Dense,Config_F,48,1920,5.75,10.00,0.4125
Dense,Config_F,49,1960,5.75,10.00,0.4237
Dense,Config_F,50,2000,5.25,5.00,0.4162
Dense,Config_F,51,2040,5.25,5.00,0.4262
Dense,Config_F,52,2080,5.25,5.00,0.4300
Dense,Config_F,53,2120,5.25,5.00,0.3975
Dense,Config_F,54,2160,5.25,5.00,0.4337
Dense,Config_F,55,2200,5.25,5.00,0.4387
Dense,Config_F,56,2240,4.75,0.00,0.4300
Dense,Config_F,57,2280,4.25,0.00,0.4263
Dense,Config_F,58,2320,3.75,0.00,0.4250
Dense,Config_F,59,2360,3.50,0.00,0.4312
Dense,Config_F,60,2400,3.50,0.00,0.4275
Dense,Config_F,61,2440,3.50,0.00,0.4213
Dense,Config_F,62,2480,3.00,0.00,0.4475
Dense,Config_F,63,2520,2.50,0.00,0.4237
Dense,Config_F,64,2560,2.50,0.00,0.4338
Dense,Config_F,65,2600,1.50,0.00,0.4313
Dense,Config_F,66,2640,1.00,0.00,0.4325
Dense,Config_F,67,2680,0.50,0.00,0.4325
Dense,Config_F,68,2720,0.50,0.00,0.4338
Dense,Config_F,69,2760,0.50,0.00,0.4362
Dense,Config_F,70,2800,0.50,0.00,0.4350
Dense,Config_F,71,2840,0.50,0.00,0.4387
Dense,Config_F,72,2880,0.50,0.00,0.4262
Dense,Config_F,73,2920,0.50,0.00,0.4338
Dense,Config_F,74,2960,0.50,0.00,0.4313
Dense,Config_F,75,3000,0.50,0.00,0.4375
Dense,Config_F,76,3040,0.50,0.00,0.4338
Dense,Config_F,77,3080,0.50,0.00,0.4287
Dense,Config_F,78,3120,0.50,0.00,0.4287
Dense,Config_F,79,3160,0.50,0.00,0.4313
Dense,Config_F,80,3200,0.50,0.00,0.4463
Dense,Config_F,81,3240,0.50,0.00,0.4350
Dense,Config_F,82,3280,0.50,0.00,0.4350
Dense,Config_F,83,3320,0.50,0.00,0.4300
Dense,Config_F,84,3360,0.50,0.00,0.4338
Dense,Config_F,85,3400,0.50,0.00,0.4313
Dense,Config_F,86,3440,0.50,0.00,0.4325
Dense,Config_F,87,3480,0.50,0.00,0.4350
Dense,Config_F,88,3520,0.50,0.00,0.4300
Dense,Config_F,89,3560,0.50,0.00,0.4425
Dense,Config_F,90,3600,0.50,0.00,0.4262
Dense,Config_F,91,3640,0.50,0.00,0.4313
Dense,Config_F,92,3680,0.50,0.00,0.4362
Dense,Config_F,93,3720,0.50,0.00,0.4362
Dense,Config_F,94,3760,0.50,0.00,0.4400
Dense,Config_F,95,3800,0.50,0.00,0.4362
Dense,Config_F,96,3840,0.50,0.00,0.4362
Dense,Config_F,97,3880,0.50,0.00,0.4275
Dense,Config_F,98,3920,0.50,0.00,0.4237
Dense,Config_F,99,3960,0.50,0.00,0.4325
Dense,Config_F,100,4000,0.50,0.00,0.4362
Dense,Config_F,101,4040,0.50,0.00,0.4237
Dense,Config_F,102,4080,0.50,0.00,0.4338
Dense,Config_F,103,4120,0.50,0.00,0.4287
Dense,Config_F,104,4160,0.50,0.00,0.4275
Dense,Config_F,105,4200,0.50,0.00,0.4325
Dense,Config_F,106,4240,0.50,0.00,0.4375
Dense,Config_F,107,4280,0.50,0.00,0.4387
Dense,Config_F,108,4320,0.50,0.00,0.4313
Dense,Config_F,109,4360,0.50,0.00,0.4287
Dense,Config_F,110,4400,0.50,0.00,0.4387
Dense,Config_F,111,4440,0.50,0.00,0.4338
Dense,Config_F,112,4480,0.50,0.00,0.4350
Dense,Config_F,113,4520,0.50,0.00,0.4387
Dense,Config_F,114,4560,0.50,0.00,0.4300
Dense,Config_F,115,4600,0.50,0.00,0.4425
Dense,Config_F,116,4640,0.50,0.00,0.4313
Dense,Config_F,117,4680,0.50,0.00,0.4300
Dense,Config_F,118,4720,0.50,0.00,0.4350
Dense,Config_F,119,4760,0.50,0.00,0.4400
Dense,Config_F,120,4800,0.50,0.00,0.4400
Dense,Config_F,121,4840,0.50,0.00,0.4287
Dense,Config_F,122,4880,0.50,0.00,0.4250
Dense,Config_F,123,4920,0.50,0.00,0.4313
Dense,Config_F,124,4960,0.50,0.00,0.4287
Dense,Config_F,125,5000,0.50,0.00,0.4375
Dense,Config_F,126,5040,0.50,0.00,0.4338
Dense,Config_F,127,5080,0.50,0.00,0.4387
Dense,Config_F,128,5120,0.50,0.00,0.4313
Dense,Config_F,129,5160,0.50,0.00,0.4400
Dense,Config_F,130,5200,0.50,0.00,0.4437
Dense,Config_F,131,5240,0.50,0.00,0.4313
Dense,Config_F,132,5280,0.50,0.00,0.4275
Dense,Config_F,133,5320,0.50,0.00,0.4362
Dense,Config_F,134,5360,0.50,0.00,0.4362
Dense,Config_F,135,5400,0.50,0.00,0.4350
Dense,Config_F,136,5440,0.50,0.00,0.4287
Dense,Config_F,137,5480,0.50,0.00,0.4300
Dense,Config_F,138,5520,0.50,0.00,0.4300
Dense,Config_F,139,5560,0.50,0.00,0.4412
Dense,Config_F,140,5600,0.50,0.00,0.4275
Dense,Config_F,141,5640,0.50,0.00,0.4350
Dense,Config_F,142,5680,0.50,0.00,0.4400
Dense,Config_F,143,5720,0.50,0.00,0.4325
Dense,Config_F,144,5760,0.00,0.00,0.4362
Dense,Config_F,145,5800,0.00,0.00,0.4362
Dense,Config_F,146,5840,0.00,0.00,0.4362
Dense,Config_F,147,5880,0.00,0.00,0.4362
Dense,Config_F,148,5920,0.00,0.00,0.4362
Dense,Config_F,149,5960,0.00,0.00,0.4362
Dense,Config_F,150,6000,0.00,0.00,0.4362
